block,value,weight_pct
Tech Growth - Core,21.33141176342537,20.41330778348004
Core Diversificato,20.855375419269713,19.95776004397067
Liquidita,16.0,15.311359986763183
Tech Growth - Contorno,11.166377549364066,10.685776650401479
Fixed Income - Govt,9.784695432977715,9.363562133447465
Fixed Income - IG,9.691349450344127,9.274233761983652
Frontiera/Alternativi,7.614335868904832,7.28661484680782
Fixed Income - HY,4.9659919482812285,4.752255650718833
Commodities & Terre Rare,3.08803831401688,2.955129142426856
