date,nav,daily_return,cumulative_return_pct,drawdown_pct
2026-05-11,100.0,,0.0,0.0
2026-05-12,99.72045256225086,-0.0027954743774913915,-0.27954743774913915,-0.27954743774913915
2026-05-13,100.19128188859897,0.0047214920735962895,0.19128188859895978,0.0
2026-05-14,100.50074757889757,0.0030887486861650437,0.5007475788975757,0.0
2026-05-15,99.27120703127729,-0.01223414329983008,-0.7287929687227135,-1.223414329983008
2026-05-18,99.12779793855954,-0.0014446192104077271,-0.8722020614404635,-1.3661088831804058
2026-05-19,98.38118853042288,-0.007531786478293556,-1.6188114695771194,-2.108998290595554
2026-05-20,99.47624045271426,0.011130704341437703,-0.5237595472857404,-1.019402492880983
2026-05-21,99.77587113930267,0.0030120829378430525,-0.22412886069733684,-0.7212647239522751
2026-05-22,100.02319544390669,0.0024787987494363506,0.02319544390667616,-0.47517271910438863
2026-05-25,100.15701571040893,0.0013378923349562921,0.15701571040893647,-0.34201921554742887
2026-05-26,100.47184749313111,0.003143382223293134,0.47184749313111674,-0.028756090340298357
2026-05-27,100.23995827451482,-0.002308001936882298,0.23995827451481766,-0.2594899149163221
2026-05-28,100.95610059515242,0.0071442799155641,0.9561005951524315,0.0
2026-05-29,101.22552376606185,0.0026687160985927605,1.2255237660618645,0.0
2026-06-01,101.33586433381936,0.0010900468938299657,1.3358643338193588,0.0
2026-06-02,101.21374866440583,-0.0012050587441704286,1.2137486644058226,-0.12050587441704286
2026-06-03,100.1553037816413,-0.010457520808502152,0.15530378164130276,-1.1649977625779906
2026-06-04,100.72133664695903,0.005651551579852532,0.7213366469590365,-0.6064266495383719
2026-06-05,98.73530095609162,-0.019718122862375398,-1.2646990439083794,-2.5662813405932905
2026-06-08,98.61300756047675,-0.0012385984995301191,-1.3869924395232491,-2.6869625983284795
2026-06-09,98.6960845614332,0.0008424547938616911,-1.303915438566805,-2.604980763464193
2026-06-10,97.59640131286139,-0.011142116259812873,-2.4035986871386084,-3.6901673909243815
2026-06-11,99.34485363734626,0.017915131100786352,-0.6551463626537357,-1.964764113438
2026-06-12,99.54390331853782,0.002003623478254557,-0.4560966814621814,-1.7683384131194524
2026-06-15,100.71350982591252,0.011749654859645187,0.7135098259125172,-0.6141502931841458
2026-06-16,100.48364784060502,-0.0022823351673955106,0.4836478406050171,-0.8409821131114881
2026-06-17,100.08037192430291,-0.0040133486887519165,0.08037192430290219,-1.2389418275257635
2026-06-18,100.53810656926139,0.004573670502590499,0.5381065692613873,-0.7872412889576852
2026-06-19,100.56072284751107,0.00022495229939600847,0.5607228475110748,-0.7649231507562027
2026-06-22,100.45726153677967,-0.0010288441431381967,0.45726153677967396,-0.8670205783664175
2026-06-23,99.6052948446724,-0.008480887086448674,-0.39470515532760153,-1.7077561833845345
2026-06-24,99.36130476831354,-0.002449569340057134,-0.6386952316864591,-1.948529850203129
2026-06-25,99.40055887962862,0.0003950643704468959,-0.5994411203713801,-1.9097932078770086
2026-06-26,99.48865538045037,0.0008862777213196615,-0.5113446195496363,-1.8228580429174968
2026-06-29,100.28634169132339,0.008017862014745525,0.2863416913233774,-1.0356872657035332
2026-06-30,100.93399013265677,0.0064579924884169415,0.9339901326567812,-0.3965764774440883
2026-07-01,100.69575163430173,-0.002360339644176701,0.6957516343017334,-0.6316743866801033
2026-07-02,101.08794244711439,0.0038948099244244805,1.0879424471143873,-0.24465364590789962
2026-07-03,101.21091057309792,0.0012164470163973373,1.210910573097923,-0.12330655246578504
2026-07-06,101.90146307441218,0.00682290572631028,1.9014630744121686,0.0
2026-07-07,101.03522326947522,-0.008500759251164003,1.0352232694752272,-0.8500759251164003
2026-07-08,100.51929094282433,-0.005106460004298041,0.5192909428243242,-1.3563810468339765
2026-07-09,101.20098089480254,0.006781682854945403,1.2009808948025391,-0.6874113074295307
2026-07-10,101.21936729921502,0.0001816820770896843,1.2193672992150129,-0.6693679900347083
2026-07-13,100.47572965084096,-0.00734679210329181,0.4757296508409503,-1.3991294929005083
2026-07-14,101.34161997326086,0.008617905293436756,1.3416199732608547,-0.5493965290198966
2026-07-15,101.60811186974826,0.0026296392001401436,1.6081118697482522,-0.28787732365501695
2026-07-16,100.88144898558085,-0.007151622747393671,0.8814489855808461,-1.0009808083780714
2026-07-17,100.39216011459676,-0.0048501372244763585,0.39216011459677347,-1.4811396365460139
2026-07-20,100.35339943841392,-0.0003860926604090098,0.35339943841392607,-1.5191770454441977
2026-07-21,100.99833935955373,0.006426687334449621,0.9983393595537349,-0.8862715878759864
2026-07-22,100.94538736529667,-0.0005242857911608167,0.9453873652966571,-0.9382355073914384
2026-07-23,100.69094691231679,-0.0025205753291046573,0.6909469123167922,-1.1879281470290826
2026-07-24,100.7803570854212,0.0008879663549323791,0.7803570854211905,-1.1001863517624888
2026-07-27,100.5744874507844,-0.0020427555586284285,0.5744874507844111,-1.3022144958397375
2026-07-28,100.53016245398118,-0.00044071809786672134,0.5301624539811867,-1.3457123961307826
2026-07-29,99.21641421999443,-0.013068199651901757,-0.783585780005569,-2.634946323054288
2026-07-30,101.12932208524633,0.019280155207084704,1.1293220852463204,-0.7577329764166363
2026-07-31,101.8978975775962,0.007599927266416451,1.897897577596197,-0.003498965283132982
2026-08-03,103.15779409157868,0.0123643033265044,3.1577940915786806,0.0
2026-08-04,104.1777322178982,0.009887164952500527,4.177732217898189,0.0
2026-08-05,104.07602478231138,-0.0009762876712855473,4.0760247823113716,-0.09762876712855473
2026-08-06,103.96311065912182,-0.0010849196385597226,3.963110659121827,-0.2060148116177718
2026-08-07,104.66338723316716,0.006735817826204027,4.663387233167149,0.0
2026-08-10,105.06892537686385,0.003874689654303154,5.068925376863853,0.0
2026-08-11,104.82208218778715,-0.002349345329185737,4.822082187787147,-0.2349345329185737
2026-08-12,105.17963471351598,0.003411042008193421,5.17963471351599,0.0
2026-08-13,105.33568927958476,0.0014836956459662876,5.3356892795847655,0.0
2026-08-14,105.26225431452201,-0.0006971517969358576,5.262254314522008,-0.06971517969358576
2026-08-17,104.92504268964261,-0.003203537935562495,4.9250426896426,-0.3898456380270088
2026-08-18,104.3507204144529,-0.005473643474118051,4.350720414452902,-0.9350761094063076
2026-08-19,104.44033576494937,0.0008587899550720479,4.440335764949377,-0.8500001478690788
2026-08-20,103.94151222688087,-0.004776157931846714,3.9415122268808833,-1.3235562061054362
2026-08-21,104.37744821012757,0.004194050807103444,4.377448210127577,-0.9097021873695654
2026-08-24,104.12947887033827,-0.0023756984295122408,4.129478870338277,-1.1451108522629316
2026-08-25,104.54481477579763,0.0039886486513249775,4.544814775797623,-0.7508134319869186
2026-08-26,104.5785443947331,0.0003226331120085302,4.578544394733108,-0.7187923580601607
2026-08-27,105.49229231316892,0.008737431982098087,5.492292313168923,0.0
2026-08-28,104.65284299965352,-0.007957446891222908,4.652842999653517,-0.7957446891222908
2026-08-31,104.45991501519342,-0.001843504475657065,4.4599150151934275,-0.978628177792118
2026-09-01,103.358775039952,-0.010541268151340821,3.358775039951989,-2.0224390108836365
2026-09-02,103.25592489530257,-0.0009950789820183381,3.2559248953025755,-2.1199344225333316
2026-09-03,104.22311867639397,0.009366956734657927,4.223118676393955,-1.20309608308371
2026-09-04,104.11514585201229,-0.0010359776770538787,4.115145852012292,-1.3054474701036711
2026-09-07,104.11514585201229,0.0,4.115145852012292,-1.3054474701036711
