strike,iv,side,mid,oi,volume,price_source,oi_filter_applied,iv_smooth,moneyness,as_of,ticker,expiry,dte,target_dte
620.0,0.35016600725979835,put,0.43,0,33.0,last,False,,0.8021766277038621,2026-10-05,SPY,2026-11-06,32,30
625.0,0.34348569617608804,put,0.47,0,173.0,last,False,,0.8086457940563127,2026-10-05,SPY,2026-11-06,32,30
630.0,0.334367283819343,put,0.49,0,2.0,last,False,,0.8151149604087631,2026-10-05,SPY,2026-11-06,32,30
635.0,0.3251374934063592,put,0.51,0,4.0,last,False,,0.8215841267612136,2026-10-05,SPY,2026-11-06,32,30
640.0,0.3167222708597527,put,0.54,0,12.0,last,False,,0.8280532931136642,2026-10-05,SPY,2026-11-06,32,30
645.0,0.3114722043803246,put,0.61,0,2007.0,last,False,,0.8345224594661146,2026-10-05,SPY,2026-11-06,32,30
650.0,0.30089939088981305,put,0.62,0,40.0,last,False,,0.8409916258185651,2026-10-05,SPY,2026-11-06,32,30
655.0,0.29619244220619734,put,0.71,0,12.0,last,False,0.29417672900757297,0.8474607921710157,2026-10-05,SPY,2026-11-06,32,30
660.0,0.2860403796087876,put,0.73,0,122.0,last,False,0.2863040174435427,0.8539299585234661,2026-10-05,SPY,2026-11-06,32,30
665.0,0.27835801507601204,put,0.79,0,6.0,last,False,0.2784252274195691,0.8603991248759166,2026-10-05,SPY,2026-11-06,32,30
670.0,0.2697147212257559,put,0.84,0,21.0,last,False,0.2705924907796756,0.8668682912283672,2026-10-05,SPY,2026-11-06,32,30
675.0,0.2618915747695697,put,0.91,0,21.0,last,False,0.26285039643193664,0.8733374575808176,2026-10-05,SPY,2026-11-06,32,30
680.0,0.2546636367182502,put,1.0,0,41.0,last,False,0.2552315732250131,0.8798066239332681,2026-10-05,SPY,2026-11-06,32,30
685.0,0.24553404346206475,put,1.06,0,41.0,last,False,0.24775216518023832,0.8862757902857187,2026-10-05,SPY,2026-11-06,32,30
690.0,0.24036626362070837,put,1.22,0,106.0,last,False,0.24041207754261762,0.8927449566381691,2026-10-05,SPY,2026-11-06,32,30
695.0,0.23349150965608556,put,1.36,0,82.0,last,False,0.23320044140532747,0.8992141229906196,2026-10-05,SPY,2026-11-06,32,30
700.0,0.22626829238172702,put,1.51,0,219.0,last,False,0.22610433112654374,0.9056832893430701,2026-10-05,SPY,2026-11-06,32,30
705.0,0.2170861508127012,put,1.62,0,174.0,last,False,0.21911625969445894,0.9121524556955206,2026-10-05,SPY,2026-11-06,32,30
710.0,0.2129868923595326,put,1.92,0,199.0,last,False,0.21223763618188152,0.9186216220479712,2026-10-05,SPY,2026-11-06,32,30
715.0,0.20335915916460184,put,2.06,0,139.0,last,False,0.20547755969360518,0.9250907884004216,2026-10-05,SPY,2026-11-06,32,30
716.0,0.20601741723934525,put,2.27,0,10.0,last,False,0.20414085338886911,0.9263846216709117,2026-10-05,SPY,2026-11-06,32,30
717.0,0.20175146009706038,put,2.21,0,9.0,last,False,0.20280947272547972,0.9276784549414019,2026-10-05,SPY,2026-11-06,32,30
718.0,0.20048166319128707,put,2.27,0,75.0,last,False,0.20148351589961871,0.9289722882118919,2026-10-05,SPY,2026-11-06,32,30
719.0,0.20203485645929456,put,2.45,0,2.0,last,False,0.20016314814376893,0.9302661214823821,2026-10-05,SPY,2026-11-06,32,30
720.0,0.1985140570502757,put,2.42,0,163.0,last,False,0.19884843998885746,0.9315599547528721,2026-10-05,SPY,2026-11-06,32,30
721.0,0.19499719401329663,put,2.39,0,25.0,last,False,0.19753939871143172,0.9328537880233623,2026-10-05,SPY,2026-11-06,32,30
722.0,0.1947231236838818,put,2.5,0,3.0,last,False,0.19623608688227795,0.9341476212938523,2026-10-05,SPY,2026-11-06,32,30
723.0,0.19413172389472658,put,2.6,0,4.0,last,False,0.19493855525036655,0.9354414545643425,2026-10-05,SPY,2026-11-06,32,30
724.0,0.1921485769102513,put,2.64,0,84.0,last,False,0.19364690701173826,0.9367352878348325,2026-10-05,SPY,2026-11-06,32,30
725.0,0.19100252445437124,put,2.72,0,164.0,last,False,0.19236119195558812,0.9380291211053227,2026-10-05,SPY,2026-11-06,32,30
726.0,0.19168721498145916,put,2.89,0,7.0,last,False,0.1910813329859846,0.9393229543758127,2026-10-05,SPY,2026-11-06,32,30
727.0,0.19100550445764292,put,3.0,0,11.0,last,False,0.1898073463447414,0.9406167876463029,2026-10-05,SPY,2026-11-06,32,30
728.0,0.18621346358584304,put,2.91,0,50.0,last,False,0.18853920781982142,0.9419106209167929,2026-10-05,SPY,2026-11-06,32,30
729.0,0.18506883253565412,put,3.0,0,40.0,last,False,0.18727692140807417,0.943204454187283,2026-10-05,SPY,2026-11-06,32,30
730.0,0.18581396260425107,put,3.19,0,192.0,last,False,0.18602054105719154,0.9444982874577731,2026-10-05,SPY,2026-11-06,32,30
731.0,0.18240824975466993,put,3.17,0,51.0,last,False,0.18476990149675415,0.9457921207282632,2026-10-05,SPY,2026-11-06,32,30
732.0,0.18127983129429726,put,3.27,0,80.0,last,False,0.1835249455494684,0.9470859539987533,2026-10-05,SPY,2026-11-06,32,30
733.0,0.18156211720561322,put,3.45,0,6.0,last,False,0.18228560681894113,0.9483797872692434,2026-10-05,SPY,2026-11-06,32,30
734.0,0.17919619169992304,put,3.49,0,31.0,last,False,0.18105180610092808,0.9496736205397336,2026-10-05,SPY,2026-11-06,32,30
735.0,0.1773400525351118,put,3.56,0,84.0,last,False,0.17982360674596468,0.9509674538102236,2026-10-05,SPY,2026-11-06,32,30
736.0,0.17943999445928877,put,3.86,0,27.0,last,False,0.17860078282189604,0.9522612870807138,2026-10-05,SPY,2026-11-06,32,30
737.0,0.181640946909274,put,4.18,0,48.0,last,False,0.1773832626877149,0.9535551203512038,2026-10-05,SPY,2026-11-06,32,30
738.0,0.17590205257371128,put,4.03,0,55.0,last,False,0.17617097497424927,0.954848953621694,2026-10-05,SPY,2026-11-06,32,30
739.0,0.1759423998643739,put,4.23,0,36.0,last,False,0.17496383797262727,0.956142786892184,2026-10-05,SPY,2026-11-06,32,30
740.0,0.17087681116528422,put,4.12,0,357.0,last,False,0.17376189758601143,0.9574366201626742,2026-10-05,SPY,2026-11-06,32,30
741.0,0.1715890449310197,put,4.37,0,30.0,last,False,0.17256501517013784,0.9587304534331642,2026-10-05,SPY,2026-11-06,32,30
742.0,0.1701324250136635,put,4.49,0,24.0,last,False,0.17137312624527298,0.9600242867036544,2026-10-05,SPY,2026-11-06,32,30
743.0,0.1687651870197304,put,4.62,0,49.0,last,False,0.17018621729621247,0.9613181199741444,2026-10-05,SPY,2026-11-06,32,30
744.0,0.17255477470829078,put,5.1,0,30.0,last,False,0.16900428487540664,0.9626119532446346,2026-10-05,SPY,2026-11-06,32,30
745.0,0.16508478999398024,put,4.83,0,152.0,last,False,0.16782742059057507,0.9639057865151246,2026-10-05,SPY,2026-11-06,32,30
746.0,0.1658577120380104,put,5.12,0,34.0,last,False,0.16665563183125634,0.9651996197856147,2026-10-05,SPY,2026-11-06,32,30
747.0,0.16405402863121837,put,5.24,0,79.0,last,False,0.16548893911321047,0.9664934530561048,2026-10-05,SPY,2026-11-06,32,30
748.0,0.16275261768190424,put,5.4,0,347.0,last,False,0.16432742949369183,0.9677872863265949,2026-10-05,SPY,2026-11-06,32,30
749.0,0.16578355933098182,put,5.88,0,31.0,last,False,0.1631712203699099,0.969081119597085,2026-10-05,SPY,2026-11-06,32,30
750.0,0.15923296126434672,put,5.67,0,2687.0,last,False,0.16202052633589775,0.9703749528675751,2026-10-05,SPY,2026-11-06,32,30
751.0,0.16066425781141758,put,6.05,0,16.0,last,False,0.16087554212950067,0.9716687861380653,2026-10-05,SPY,2026-11-06,32,30
752.0,0.1634908784336894,put,6.55,0,35.0,last,False,0.15973641406246103,0.9729626194085553,2026-10-05,SPY,2026-11-06,32,30
753.0,0.15899560943037383,put,6.5,0,21.0,last,False,0.1586033751809874,0.9742564526790455,2026-10-05,SPY,2026-11-06,32,30
754.0,0.1569243937671115,put,6.64,0,34.0,last,False,0.1574766962755095,0.9755502859495355,2026-10-05,SPY,2026-11-06,32,30
755.0,0.15364212787864162,put,6.69,0,159.0,last,False,0.15635673227453847,0.9768441192200257,2026-10-05,SPY,2026-11-06,32,30
756.0,0.155074979025607,put,7.12,0,34.0,last,False,0.1552439070731297,0.9781379524905157,2026-10-05,SPY,2026-11-06,32,30
757.0,0.15362916384289807,put,7.33,0,12.0,last,False,0.15413846710177656,0.9794317857610059,2026-10-05,SPY,2026-11-06,32,30
758.0,0.15257969147917308,put,7.58,0,514.0,last,False,0.1530408072802022,0.9807256190314959,2026-10-05,SPY,2026-11-06,32,30
759.0,0.1522702595095682,put,7.9,0,21.0,last,False,0.1519513519256722,0.9820194523019861,2026-10-05,SPY,2026-11-06,32,30
760.0,0.14790825502654414,put,7.89,0,385.0,last,False,0.15087057256320352,0.9833132855724761,2026-10-05,SPY,2026-11-06,32,30
761.0,0.1492888289542925,put,8.37,0,35.0,last,False,0.14979914452680143,0.9846071188429663,2026-10-05,SPY,2026-11-06,32,30
762.0,0.14712497853305753,put,8.56,0,18.0,last,False,0.14873737807549633,0.9859009521134563,2026-10-05,SPY,2026-11-06,32,30
763.0,0.14718392345740597,put,8.95,0,13.0,last,False,0.14768580079505705,0.9871947853839464,2026-10-05,SPY,2026-11-06,32,30
764.0,0.14447336189995677,put,9.11,0,47.0,last,False,0.14664496342782923,0.9884886186544365,2026-10-05,SPY,2026-11-06,32,30
765.0,0.1431527377918637,put,9.4,0,2079.0,last,False,0.14561543458726364,0.9897824519249266,2026-10-05,SPY,2026-11-06,32,30
766.0,0.1422824005747431,put,9.74,0,135.0,last,False,0.14459808133279942,0.9910762851954168,2026-10-05,SPY,2026-11-06,32,30
767.0,0.14061520948472264,put,10.02,0,81.0,last,False,0.1435932847445062,0.9923701184659068,2026-10-05,SPY,2026-11-06,32,30
768.0,0.1397243549059177,put,10.38,0,243.0,last,False,0.14260163332415535,0.993663951736397,2026-10-05,SPY,2026-11-06,32,30
769.0,0.13903853034192157,put,10.77,0,371.0,last,False,0.14162375286995188,0.994957785006887,2026-10-05,SPY,2026-11-06,32,30
770.0,0.13811006586003297,put,11.15,0,578.0,last,False,0.14066028367440286,0.9962516182773772,2026-10-05,SPY,2026-11-06,32,30
771.0,0.14399610703148683,put,12.16,0,210.0,last,False,0.13971215548672233,0.9975454515478672,2026-10-05,SPY,2026-11-06,32,30
772.0,0.14190680121951868,put,12.46,0,213.0,last,False,0.1387798740011265,0.9988392848183574,2026-10-05,SPY,2026-11-06,32,30
773.0,0.13575923194633355,call,12.3,0,171.0,last,False,0.13786399497046345,1.0001331180888475,2026-10-05,SPY,2026-11-06,32,30
774.0,0.13281923024511963,call,11.55,0,30.0,last,False,0.13696517645606895,1.0014269513593375,2026-10-05,SPY,2026-11-06,32,30
775.0,0.13479478611178572,call,11.26,0,1036.0,last,False,0.13608406732555148,1.0027207846298276,2026-10-05,SPY,2026-11-06,32,30
776.0,0.1329962267328537,call,10.64,0,216.0,last,False,0.13522156485275363,1.0040146179003178,2026-10-05,SPY,2026-11-06,32,30
777.0,0.13071278375707746,call,9.99,0,58.0,last,False,0.13437828480792352,1.005308451170808,2026-10-05,SPY,2026-11-06,32,30
778.0,0.12982236553500381,call,9.48,0,129.0,last,False,0.13355462962543305,1.0066022844412978,2026-10-05,SPY,2026-11-06,32,30
779.0,0.13023047819573558,call,9.1,0,145.0,last,False,0.13275120486518166,1.007896117711788,2026-10-05,SPY,2026-11-06,32,30
780.0,0.12937259652160218,call,8.62,0,346.0,last,False,0.13196861891923528,1.0091899509822781,2026-10-05,SPY,2026-11-06,32,30
781.0,0.12835553999435065,call,8.14,0,104.0,last,False,0.13120761327758573,1.0104837842527683,2026-10-05,SPY,2026-11-06,32,30
782.0,0.1272877601542327,call,7.67,0,63.0,last,False,0.13046889944759557,1.0117776175232585,2026-10-05,SPY,2026-11-06,32,30
783.0,0.12581738960483557,call,7.18,0,28.0,last,False,0.1297526823583506,1.0130714507937484,2026-10-05,SPY,2026-11-06,32,30
784.0,0.12498466769555962,call,6.76,0,184.0,last,False,0.12905944356877397,1.0143652840642385,2026-10-05,SPY,2026-11-06,32,30
785.0,0.12409840719590431,call,6.35,0,156.0,last,False,0.12838963359887173,1.0156591173347287,2026-10-05,SPY,2026-11-06,32,30
786.0,0.12581661366606317,call,6.17,0,61.0,last,False,0.12774379889536763,1.0169529506052188,2026-10-05,SPY,2026-11-06,32,30
787.0,0.12239882776082787,call,5.58,0,45.0,last,False,0.1271227364038738,1.0182467838757088,2026-10-05,SPY,2026-11-06,32,30
788.0,0.12234159946634965,call,5.28,0,175.0,last,False,0.1265263223670504,1.019540617146199,2026-10-05,SPY,2026-11-06,32,30
789.0,0.12366232156276205,call,5.1,0,53.0,last,False,0.12595488001968044,1.020834450416689,2026-10-05,SPY,2026-11-06,32,30
790.0,0.12123179390957207,call,4.64,0,147.0,last,False,0.12540872179999796,1.0221282836871792,2026-10-05,SPY,2026-11-06,32,30
791.0,0.12174602344253914,call,4.42,0,192.0,last,False,0.12488811923400522,1.0234221169576692,2026-10-05,SPY,2026-11-06,32,30
792.0,0.12089897572956482,call,4.11,0,76.0,last,False,0.12439392159213447,1.0247159502281593,2026-10-05,SPY,2026-11-06,32,30
793.0,0.1209789071189812,call,3.88,0,9.0,last,False,0.12392570415932391,1.0260097834986495,2026-10-05,SPY,2026-11-06,32,30
794.0,0.12062099431989448,call,3.63,0,30.0,last,False,0.12348365560701907,1.0273036167691396,2026-10-05,SPY,2026-11-06,32,30
795.0,0.1205337540571812,call,3.41,0,100.0,last,False,0.12306790825813038,1.0285974500396295,2026-10-05,SPY,2026-11-06,32,30
796.0,0.11906331122368113,call,3.11,0,93.0,last,False,0.12267858063907867,1.0298912833101197,2026-10-05,SPY,2026-11-06,32,30
797.0,0.12002931687178901,call,2.98,0,7.0,last,False,0.1223163110509514,1.0311851165806099,2026-10-05,SPY,2026-11-06,32,30
798.0,0.1174709259186344,call,2.64,0,23.0,last,False,0.12198073999715588,1.0324789498511,2026-10-05,SPY,2026-11-06,32,30
799.0,0.11881796725528612,call,2.55,0,55.0,last,False,0.12167177424591609,1.0337727831215902,2026-10-05,SPY,2026-11-06,32,30
800.0,0.11869763341402012,call,2.38,0,700.0,last,False,0.12138946156761415,1.03506661639208,2026-10-05,SPY,2026-11-06,32,30
801.0,0.117319069206301,call,2.15,0,85.0,last,False,0.12113382714154702,1.0363604496625702,2026-10-05,SPY,2026-11-06,32,30
802.0,0.11832725498566658,call,2.06,0,133.0,last,False,0.12090526455488235,1.0376542829330604,2026-10-05,SPY,2026-11-06,32,30
803.0,0.11689622564199777,call,1.85,0,16.0,last,False,0.1207035768777306,1.0389481162035505,2026-10-05,SPY,2026-11-06,32,30
804.0,0.11641772304741212,call,1.7,0,381.0,last,False,0.12052846582717315,1.0402419494740405,2026-10-05,SPY,2026-11-06,32,30
805.0,0.1172490255687057,call,1.62,0,147.0,last,False,0.12037989253057856,1.0415357827445306,2026-10-05,SPY,2026-11-06,32,30
806.0,0.11709788676390522,call,1.5,0,35.0,last,False,0.12025778437809159,1.0428296160150208,2026-10-05,SPY,2026-11-06,32,30
807.0,0.11701012360451235,call,1.39,0,23.0,last,False,0.12016237553608117,1.044123449285511,2026-10-05,SPY,2026-11-06,32,30
808.0,0.11700227652468034,call,1.29,0,32.0,last,False,0.12009367144036306,1.0454172825560009,2026-10-05,SPY,2026-11-06,32,30
809.0,0.11709332927804544,call,1.2,0,14.0,last,False,0.1200511953343142,1.046711115826491,2026-10-05,SPY,2026-11-06,32,30
810.0,0.11676834836096808,call,1.1,0,222.0,last,False,0.12003486005507623,1.0480049490969812,2026-10-05,SPY,2026-11-06,32,30
811.0,0.11710081994989666,call,1.03,0,52.0,last,False,0.12004454280444952,1.0492987823674713,2026-10-05,SPY,2026-11-06,32,30
812.0,0.11760397144785853,call,0.97,0,73.0,last,False,0.12008030395279509,1.0505926156379612,2026-10-05,SPY,2026-11-06,32,30
813.0,0.1170763912606291,call,0.88,0,43.0,last,False,0.12014231591661831,1.0518864489084514,2026-10-05,SPY,2026-11-06,32,30
814.0,0.11892050488788929,call,0.87,0,28.0,last,False,0.12022992857264135,1.0531802821789416,2026-10-05,SPY,2026-11-06,32,30
815.0,0.11708165517625688,call,0.75,0,471.0,last,False,0.12034300072994984,1.0544741154494317,2026-10-05,SPY,2026-11-06,32,30
820.0,0.11776170049550144,call,0.51,0,203.0,last,False,0.12128529954296999,1.0609432818018822,2026-10-05,SPY,2026-11-06,32,30
825.0,0.11951672475134077,call,0.36,0,156.0,last,False,0.12283002894876102,1.0674124481543326,2026-10-05,SPY,2026-11-06,32,30
830.0,0.12252386457056769,call,0.27,0,6.0,last,False,0.12492668017834156,1.073881614506783,2026-10-05,SPY,2026-11-06,32,30
835.0,0.12518736621433027,call,0.2,0,105.0,last,False,0.12750115166980508,1.0803507808592336,2026-10-05,SPY,2026-11-06,32,30
840.0,0.1291426889179958,call,0.16,0,12.0,last,False,0.13045706565860557,1.0868199472116842,2026-10-05,SPY,2026-11-06,32,30
845.0,0.1317930190014846,call,0.12,0,7.0,last,False,0.1336839875780447,1.0932891135641347,2026-10-05,SPY,2026-11-06,32,30
850.0,0.13929605774945142,call,0.12,0,25.0,last,False,0.1370761174318074,1.0997582799165853,2026-10-05,SPY,2026-11-06,32,30
855.0,0.13958110054219144,call,0.08,0,109.0,last,False,0.14055475563793485,1.1062274462690356,2026-10-05,SPY,2026-11-06,32,30
860.0,0.14662000795224647,call,0.08,0,1.0,last,False,0.1440871623806276,1.1126966126214861,2026-10-05,SPY,2026-11-06,32,30
865.0,0.1486571069448693,call,0.06,0,1.0,last,False,0.14768980903281384,1.1191657789739367,2026-10-05,SPY,2026-11-06,32,30
870.0,0.14882819829048535,call,0.04,0,48.0,last,False,0.15140851722025145,1.1256349453263872,2026-10-05,SPY,2026-11-06,32,30
875.0,0.1508557246709749,call,0.03,0,2.0,last,False,,1.1321041116788377,2026-10-05,SPY,2026-11-06,32,30
880.0,0.15705462787540062,call,0.03,0,99.0,last,False,,1.1385732780312883,2026-10-05,SPY,2026-11-06,32,30
885.0,0.1631937813099563,call,0.03,0,12.0,last,False,,1.1450424443837386,2026-10-05,SPY,2026-11-06,32,30
890.0,0.16927512032397724,call,0.03,0,0.0,last,False,,1.1515116107361891,2026-10-05,SPY,2026-11-06,32,30
895.0,0.1753004303095751,call,0.03,0,0.0,last,False,,1.1579807770886397,2026-10-05,SPY,2026-11-06,32,30
900.0,0.18127136538546376,call,0.03,0,1.0,last,False,,1.1644499434410902,2026-10-05,SPY,2026-11-06,32,30
905.0,0.18040894707133287,call,0.02,0,40.0,last,False,,1.1709191097935407,2026-10-05,SPY,2026-11-06,32,30
620.0,0.3059641351999182,put,1.02,0,1.0,last,False,,0.8005450784909403,2026-10-05,SPY,2026-11-30,56,60
621.0,0.30962265178153814,put,1.13,0,0.0,last,False,,0.8018362802304417,2026-10-05,SPY,2026-11-30,56,60
622.0,0.30475963847975696,put,1.07,0,2.0,last,False,,0.8031274819699433,2026-10-05,SPY,2026-11-30,56,60
623.0,0.30386894122899644,put,1.09,0,2.0,last,False,,0.8044186837094448,2026-10-05,SPY,2026-11-30,56,60
624.0,0.30198158140247533,put,1.09,0,4.0,last,False,,0.8057098854489463,2026-10-05,SPY,2026-11-30,56,60
625.0,0.30155257635596683,put,1.12,0,75.0,last,False,,0.8070010871884479,2026-10-05,SPY,2026-11-30,56,60
626.0,0.29821189197119496,put,1.09,0,40.0,last,False,,0.8082922889279494,2026-10-05,SPY,2026-11-30,56,60
627.0,0.29777237477894897,put,1.12,0,39.0,last,False,,0.8095834906674508,2026-10-05,SPY,2026-11-30,56,60
628.0,0.31241491257251686,put,1.5,0,1.0,last,False,,0.8108746924069524,2026-10-05,SPY,2026-11-30,56,60
630.0,0.29116866800118535,put,1.1,0,1.0,last,False,,0.8134570958859554,2026-10-05,SPY,2026-11-30,56,60
631.0,0.29999366974799085,put,1.34,0,2.0,last,False,,0.814748297625457,2026-10-05,SPY,2026-11-30,56,60
632.0,0.30613117351418995,put,1.54,0,2.0,last,False,,0.8160394993649585,2026-10-05,SPY,2026-11-30,56,60
633.0,0.291429340047845,put,1.23,0,2.0,last,False,,0.8173307011044599,2026-10-05,SPY,2026-11-30,56,60
634.0,0.287316821196737,put,1.18,0,4.0,last,False,,0.8186219028439615,2026-10-05,SPY,2026-11-30,56,60
635.0,0.288920396743718,put,1.26,0,2.0,last,False,,0.819913104583463,2026-10-05,SPY,2026-11-30,56,60
636.0,0.3049215138619655,put,1.72,0,1.0,last,False,,0.8212043063229645,2026-10-05,SPY,2026-11-30,56,60
637.0,0.2940207583263672,put,1.48,0,103.0,last,False,,0.8224955080624661,2026-10-05,SPY,2026-11-30,56,60
638.0,0.28362804147995474,put,1.27,0,3.0,last,False,,0.8237867098019676,2026-10-05,SPY,2026-11-30,56,60
639.0,0.2825570729066201,put,1.29,0,3.0,last,False,,0.825077911541469,2026-10-05,SPY,2026-11-30,56,60
640.0,0.2822861663873631,put,1.33,0,1.0,last,False,,0.8263691132809706,2026-10-05,SPY,2026-11-30,56,60
641.0,0.2914258082046691,put,1.62,0,1.0,last,False,,0.8276603150204721,2026-10-05,SPY,2026-11-30,56,60
642.0,0.2940334592091468,put,1.75,0,100.0,last,False,,0.8289515167599736,2026-10-05,SPY,2026-11-30,56,60
643.0,0.311010834248354,put,2.35,0,18.0,last,False,,0.8302427184994752,2026-10-05,SPY,2026-11-30,56,60
644.0,0.27814999006191743,put,1.42,0,1.0,last,False,,0.8315339202389767,2026-10-05,SPY,2026-11-30,56,60
645.0,0.27429982431926414,put,1.37,0,2.0,last,False,,0.8328251219784781,2026-10-05,SPY,2026-11-30,56,60
646.0,0.28541024292123224,put,1.73,0,2.0,last,False,,0.8341163237179797,2026-10-05,SPY,2026-11-30,56,60
647.0,0.2830915101347713,put,1.72,0,1.0,last,False,,0.8354075254574812,2026-10-05,SPY,2026-11-30,56,60
648.0,0.27340837481790164,put,1.5,0,6.0,last,False,,0.8366987271969827,2026-10-05,SPY,2026-11-30,56,60
649.0,0.2760709289136975,put,1.63,0,1.0,last,False,,0.8379899289364843,2026-10-05,SPY,2026-11-30,56,60
650.0,0.26623933084114293,put,1.41,0,13.0,last,False,,0.8392811306759858,2026-10-05,SPY,2026-11-30,56,60
651.0,0.2794288066712065,put,1.85,0,42.0,last,False,,0.8405723324154872,2026-10-05,SPY,2026-11-30,56,60
652.0,0.26673220489771676,put,1.53,0,4.0,last,False,0.2729023333769271,0.8418635341549888,2026-10-05,SPY,2026-11-30,56,60
653.0,0.26409047493307375,put,1.51,0,2.0,last,False,0.27171929610281803,0.8431547358944903,2026-10-05,SPY,2026-11-30,56,60
654.0,0.2635529205425674,put,1.55,0,1.0,last,False,0.27052599881856026,0.8444459376339918,2026-10-05,SPY,2026-11-30,56,60
655.0,0.261957440904325,put,1.56,0,6.0,last,False,0.26932355917747147,0.8457371393734934,2026-10-05,SPY,2026-11-30,56,60
656.0,0.27902502396904577,put,2.17,0,1.0,last,False,0.26811239427179534,0.8470283411129949,2026-10-05,SPY,2026-11-30,56,60
657.0,0.27755554988063497,put,2.19,0,2.0,last,False,0.26689254759744274,0.8483195428524963,2026-10-05,SPY,2026-11-30,56,60
658.0,0.26548969719128557,put,1.85,0,2.0,last,False,0.2656648948952459,0.8496107445919979,2026-10-05,SPY,2026-11-30,56,60
659.0,0.2703420553695978,put,2.08,0,1.0,last,False,0.2644298130667585,0.8509019463314994,2026-10-05,SPY,2026-11-30,56,60
660.0,0.2565161957472614,put,1.69,0,22.0,last,False,0.26318737162472977,0.8521931480710009,2026-10-05,SPY,2026-11-30,56,60
661.0,0.27132854870766343,put,2.26,0,2.0,last,False,0.261938301219363,0.8534843498105025,2026-10-05,SPY,2026-11-30,56,60
662.0,0.2670822959892095,put,2.18,0,1.0,last,False,0.2606830217650359,0.854775551550004,2026-10-05,SPY,2026-11-30,56,60
663.0,0.2549574088700082,put,1.83,0,41.0,last,False,0.2594215381778636,0.8560667532895054,2026-10-05,SPY,2026-11-30,56,60
664.0,0.26652697940889875,put,2.31,0,2.0,last,False,0.25815449182068506,0.857357955029007,2026-10-05,SPY,2026-11-30,56,60
665.0,0.24949304081555881,put,1.78,0,67.0,last,False,0.25688229763228493,0.8586491567685085,2026-10-05,SPY,2026-11-30,56,60
666.0,0.2621576947911898,put,2.3,0,2.0,last,False,0.2556050944930058,0.85994035850801,2026-10-05,SPY,2026-11-30,56,60
667.0,0.2606318389725871,put,2.32,0,30.0,last,False,0.2543235597169742,0.8612315602475116,2026-10-05,SPY,2026-11-30,56,60
668.0,0.24993954889381753,put,2.0,0,1.0,last,False,0.2530381081691206,0.862522761987013,2026-10-05,SPY,2026-11-30,56,60
669.0,0.24737543442596197,put,1.98,0,1.0,last,False,0.2517490443963652,0.8638139637265145,2026-10-05,SPY,2026-11-30,56,60
670.0,0.2448151998749973,put,1.96,0,29.0,last,False,0.2504570435146107,0.8651051654660161,2026-10-05,SPY,2026-11-30,56,60
671.0,0.25595670809645554,put,2.46,0,85.0,last,False,0.24916257983986978,0.8663963672055176,2026-10-05,SPY,2026-11-30,56,60
672.0,0.24274312498925432,put,2.03,0,1.0,last,False,0.2478661032350384,0.8676875689450191,2026-10-05,SPY,2026-11-30,56,60
673.0,0.24154443918751628,put,2.06,0,1.0,last,False,0.24656829516931497,0.8689787706845207,2026-10-05,SPY,2026-11-30,56,60
674.0,0.2623311028966126,put,3.0,0,2.0,last,False,0.24526972899711452,0.8702699724240222,2026-10-05,SPY,2026-11-30,56,60
675.0,0.2372548718590212,put,2.05,0,108.0,last,False,0.24397102582462762,0.8715611741635236,2026-10-05,SPY,2026-11-30,56,60
676.0,0.2381185922549843,put,2.16,0,5.0,last,False,0.24267281056491521,0.8728523759030252,2026-10-05,SPY,2026-11-30,56,60
677.0,0.2501001433698493,put,2.74,0,69.0,last,False,0.24137569436266054,0.8741435776425267,2026-10-05,SPY,2026-11-30,56,60
678.0,0.236086763723965,put,2.24,0,2.0,last,False,0.24008039595825023,0.8754347793820282,2026-10-05,SPY,2026-11-30,56,60
679.0,0.24128768078001,put,2.54,0,364.0,last,False,0.23878747017642024,0.8767259811215298,2026-10-05,SPY,2026-11-30,56,60
680.0,0.23101681061741905,put,2.2,0,12.0,last,False,0.2374975274204583,0.8780171828610313,2026-10-05,SPY,2026-11-30,56,60
681.0,0.25261985657390446,put,3.25,0,1.0,last,False,0.2362113730537101,0.8793083846005327,2026-10-05,SPY,2026-11-30,56,60
682.0,0.22939267657419365,put,2.3,0,14.0,last,False,0.23492942331535016,0.8805995863400343,2026-10-05,SPY,2026-11-30,56,60
683.0,0.22877662956188025,put,2.36,0,2.0,last,False,0.23365219188221675,0.8818907880795358,2026-10-05,SPY,2026-11-30,56,60
684.0,0.22765959971005237,put,2.4,0,1.0,last,False,0.23238047894209676,0.8831819898190373,2026-10-05,SPY,2026-11-30,56,60
685.0,0.22652367313646285,put,2.44,0,7.0,last,False,0.23111458090248635,0.8844731915585389,2026-10-05,SPY,2026-11-30,56,60
686.0,0.2251416497729611,put,2.47,0,8.0,last,False,0.2298549107564738,0.8857643932980404,2026-10-05,SPY,2026-11-30,56,60
687.0,0.22729588954425162,put,2.66,0,2.0,last,False,0.22860218197113483,0.8870555950375418,2026-10-05,SPY,2026-11-30,56,60
688.0,0.22167088536798069,put,2.5,0,1.0,last,False,0.2273564094851916,0.8883467967770434,2026-10-05,SPY,2026-11-30,56,60
689.0,0.2202593332320965,put,2.53,0,1.0,last,False,0.22611786042999027,0.8896379985165449,2026-10-05,SPY,2026-11-30,56,60
690.0,0.22078629373588832,put,2.65,0,29.0,last,False,0.2248870457375386,0.8909292002560464,2026-10-05,SPY,2026-11-30,56,60
691.0,0.24037250901821308,put,3.75,0,1.0,last,False,0.22366382586688974,0.892220401995548,2026-10-05,SPY,2026-11-30,56,60
692.0,0.22260375179578096,put,2.94,0,2.0,last,False,0.22244842010863067,0.8935116037350495,2026-10-05,SPY,2026-11-30,56,60
693.0,0.21823265328213132,put,2.83,0,1.0,last,False,0.22124112208950006,0.8948028054745509,2026-10-05,SPY,2026-11-30,56,60
694.0,0.21426338105866283,put,2.74,0,20.0,last,False,0.22004145086658988,0.8960940072140525,2026-10-05,SPY,2026-11-30,56,60
695.0,0.2141866594311226,put,2.84,0,118.0,last,False,0.2188494113304261,0.897385208953554,2026-10-05,SPY,2026-11-30,56,60
696.0,0.2152324143914956,put,3.0,0,5.0,last,False,0.21766522745916017,0.8986764106930555,2026-10-05,SPY,2026-11-30,56,60
697.0,0.21249919033739523,put,2.97,0,8.0,last,False,0.21648824683875978,0.8999676124325571,2026-10-05,SPY,2026-11-30,56,60
698.0,0.23482990216897962,put,4.34,0,2.0,last,False,0.21531812458281993,0.9012588141720586,2026-10-05,SPY,2026-11-30,56,60
699.0,0.20859297430100132,put,2.99,0,21.0,last,False,0.21415487584180315,0.90255001591156,2026-10-05,SPY,2026-11-30,56,60
700.0,0.20815281614160266,put,3.08,0,3261.0,last,False,0.2129979228230553,0.9038412176510616,2026-10-05,SPY,2026-11-30,56,60
701.0,0.20859130809721646,put,3.22,0,2.0,last,False,0.21184681254436,0.9051324193905631,2026-10-05,SPY,2026-11-30,56,60
702.0,0.20493948698081138,put,3.14,0,3.0,last,False,0.2107012756104876,0.9064236211300646,2026-10-05,SPY,2026-11-30,56,60
703.0,0.20603273640980163,put,3.32,0,2.0,last,False,0.20956051639429535,0.9077148228695662,2026-10-05,SPY,2026-11-30,56,60
704.0,0.2063101027259486,put,3.46,0,1.0,last,False,0.20842404396452188,0.9090060246090677,2026-10-05,SPY,2026-11-30,56,60
705.0,0.20392179472192387,put,3.45,0,53.0,last,False,0.20729149036962582,0.9102972263485691,2026-10-05,SPY,2026-11-30,56,60
706.0,0.20308531478457292,put,3.53,0,3.0,last,False,0.2061622716506567,0.9115884280880707,2026-10-05,SPY,2026-11-30,56,60
707.0,0.21566125944144704,put,4.44,0,2.0,last,False,0.20503594355542876,0.9128796298275722,2026-10-05,SPY,2026-11-30,56,60
708.0,0.19913800580984367,put,3.56,0,3.0,last,False,0.203911861390172,0.9141708315670737,2026-10-05,SPY,2026-11-30,56,60
709.0,0.20362558506858744,put,3.97,0,2.0,last,False,0.2027894114354017,0.9154620333065753,2026-10-05,SPY,2026-11-30,56,60
710.0,0.19974182866194592,put,3.87,0,26.0,last,False,0.20166824656069376,0.9167532350460768,2026-10-05,SPY,2026-11-30,56,60
711.0,0.19762888194941167,put,3.88,0,1.0,last,False,0.20054790862321015,0.9180444367855782,2026-10-05,SPY,2026-11-30,56,60
712.0,0.20112493619487543,put,4.25,0,2.0,last,False,0.19942788570749337,0.9193356385250798,2026-10-05,SPY,2026-11-30,56,60
713.0,0.1988067983889091,put,4.25,0,21.0,last,False,0.1983077913823837,0.9206268402645813,2026-10-05,SPY,2026-11-30,56,60
714.0,0.20907304296151832,put,5.11,0,36.0,last,False,0.19718728766967214,0.9219180420040828,2026-10-05,SPY,2026-11-30,56,60
715.0,0.19565871400322873,put,4.35,0,52.0,last,False,0.19606620084046195,0.9232092437435844,2026-10-05,SPY,2026-11-30,56,60
716.0,0.19479595872641048,put,4.45,0,1.0,last,False,0.1949443250361583,0.9245004454830859,2026-10-05,SPY,2026-11-30,56,60
717.0,0.20611276263848427,put,5.42,0,7.0,last,False,0.19382137582940706,0.9257916472225873,2026-10-05,SPY,2026-11-30,56,60
718.0,0.18950955848247802,put,4.41,0,26.0,last,False,0.19269722458632585,0.9270828489620889,2026-10-05,SPY,2026-11-30,56,60
719.0,0.191153661587514,put,4.69,0,1.0,last,False,0.19157189049560894,0.9283740507015904,2026-10-05,SPY,2026-11-30,56,60
720.0,0.18778262049594235,put,4.62,0,112.0,last,False,0.19044548537093012,0.9296652524410919,2026-10-05,SPY,2026-11-30,56,60
721.0,0.18553922897497457,put,4.63,0,1.0,last,False,0.18931819932693597,0.9309564541805935,2026-10-05,SPY,2026-11-30,56,60
722.0,0.18508668485408084,put,4.77,0,15.0,last,False,0.18819013067092355,0.932247655920095,2026-10-05,SPY,2026-11-30,56,60
723.0,0.186201701394809,put,5.03,0,6.0,last,False,0.18706141107084534,0.9335388576595964,2026-10-05,SPY,2026-11-30,56,60
724.0,0.19935710201400117,put,6.24,0,1.0,last,False,0.18593235682777537,0.934830059399098,2026-10-05,SPY,2026-11-30,56,60
725.0,0.18105881987848893,put,5.01,0,106.0,last,False,0.18480339776607627,0.9361212611385995,2026-10-05,SPY,2026-11-30,56,60
726.0,0.1863737342271467,put,5.61,0,2.0,last,False,0.18367487984500913,0.937412462878101,2026-10-05,SPY,2026-11-30,56,60
727.0,0.18272961910828459,put,5.52,0,24.0,last,False,0.1825472251113461,0.9387036646176026,2026-10-05,SPY,2026-11-30,56,60
728.0,0.1789634877770971,put,5.42,0,34.0,last,False,0.1814208990607887,0.939994866357104,2026-10-05,SPY,2026-11-30,56,60
729.0,0.18181150600625795,put,5.85,0,3.0,last,False,0.18029648172642557,0.9412860680966055,2026-10-05,SPY,2026-11-30,56,60
730.0,0.17693555876431918,put,5.66,0,146.0,last,False,0.17917450300821477,0.9425772698361071,2026-10-05,SPY,2026-11-30,56,60
731.0,0.17852973595086596,put,6.0,0,19.0,last,False,0.17805540842097306,0.9438684715756086,2026-10-05,SPY,2026-11-30,56,60
732.0,0.17750941163759063,put,6.13,0,2.0,last,False,0.17693989274218255,0.9451596733151101,2026-10-05,SPY,2026-11-30,56,60
733.0,0.1733813581546449,put,6.0,0,12.0,last,False,0.17582833902171108,0.9464508750546117,2026-10-05,SPY,2026-11-30,56,60
734.0,0.17079593579031851,put,6.0,0,2.0,last,False,0.17472134150523716,0.9477420767941132,2026-10-05,SPY,2026-11-30,56,60
735.0,0.17076505489550148,put,6.22,0,104.0,last,False,0.17361979133595293,0.9490332785336146,2026-10-05,SPY,2026-11-30,56,60
736.0,0.17020893736878925,put,6.4,0,65.0,last,False,0.17252387812731496,0.9503244802731162,2026-10-05,SPY,2026-11-30,56,60
737.0,0.17206887680054683,put,6.8,0,15.0,last,False,0.17143421504537862,0.9516156820126177,2026-10-05,SPY,2026-11-30,56,60
738.0,0.1686053888568542,put,6.73,0,127.0,last,False,0.17035177283794184,0.9529068837521192,2026-10-05,SPY,2026-11-30,56,60
739.0,0.17063168712251717,put,7.16,0,119.0,last,False,0.1692765911364294,0.9541980854916208,2026-10-05,SPY,2026-11-30,56,60
740.0,0.1658373572856244,put,6.97,0,74.0,last,False,0.16820921092078062,0.9554892872311223,2026-10-05,SPY,2026-11-30,56,60
741.0,0.1659049580924701,put,7.23,0,3.0,last,False,0.16715054592481163,0.9567804889706237,2026-10-05,SPY,2026-11-30,56,60
742.0,0.16410056651762087,put,7.32,0,8.0,last,False,0.16610062940723808,0.9580716907101253,2026-10-05,SPY,2026-11-30,56,60
743.0,0.16644931898851864,put,7.81,0,66.0,last,False,0.16505982309249217,0.9593628924496268,2026-10-05,SPY,2026-11-30,56,60
744.0,0.16258766239514874,put,7.71,0,84.0,last,False,0.16402901072495144,0.9606540941891283,2026-10-05,SPY,2026-11-30,56,60
745.0,0.16078080401831066,put,7.81,0,326.0,last,False,0.16300821688968697,0.9619452959286299,2026-10-05,SPY,2026-11-30,56,60
746.0,0.15700936511879052,put,7.72,0,48.0,last,False,0.16199764558171062,0.9632364976681314,2026-10-05,SPY,2026-11-30,56,60
747.0,0.16207918859922493,put,8.51,0,32.0,last,False,0.16099809987083116,0.9645276994076328,2026-10-05,SPY,2026-11-30,56,60
748.0,0.15884963050412806,put,8.48,0,103.0,last,False,0.16000936225066578,0.9658189011471344,2026-10-05,SPY,2026-11-30,56,60
749.0,0.16186420123086892,put,9.09,0,42.0,last,False,0.15903164172917636,0.9671101028866359,2026-10-05,SPY,2026-11-30,56,60
750.0,0.15508248140927944,put,8.7,0,494.0,last,False,0.15806569082536043,0.9684013046261374,2026-10-05,SPY,2026-11-30,56,60
751.0,0.15622290439736305,put,9.13,0,100.0,last,False,0.15711115580038743,0.969692506365639,2026-10-05,SPY,2026-11-30,56,60
752.0,0.15031792650504955,put,8.83,0,119.0,last,False,0.1561681704389984,0.9709837081051405,2026-10-05,SPY,2026-11-30,56,60
753.0,0.15295028726582852,put,9.43,0,1.0,last,False,0.1552372885482017,0.9722749098446419,2026-10-05,SPY,2026-11-30,56,60
754.0,0.15497681725576298,put,9.98,0,12.0,last,False,0.15431807424786023,0.9735661115841435,2026-10-05,SPY,2026-11-30,56,60
755.0,0.15154378865111068,put,9.95,0,403.0,last,False,0.1534106781521868,0.974857313323645,2026-10-05,SPY,2026-11-30,56,60
756.0,0.15129848775587568,put,10.27,0,23.0,last,False,0.15251558163289267,0.9761485150631465,2026-10-05,SPY,2026-11-30,56,60
757.0,0.15052993278598004,put,10.54,0,8.0,last,False,0.15163216394807574,0.9774397168026481,2026-10-05,SPY,2026-11-30,56,60
758.0,0.148170447183593,put,10.64,0,7.0,last,False,0.15076034341572184,0.9787309185421496,2026-10-05,SPY,2026-11-30,56,60
759.0,0.14970086913030067,put,11.18,0,44.0,last,False,0.1499005866697342,0.980022120281651,2026-10-05,SPY,2026-11-30,56,60
760.0,0.14590795770874856,put,11.13,0,321.0,last,False,0.1490521498373924,0.9813133220211526,2026-10-05,SPY,2026-11-30,56,60
761.0,0.14561274274229447,put,11.48,0,83.0,last,False,0.1482149729543072,0.9826045237606541,2026-10-05,SPY,2026-11-30,56,60
762.0,0.1452452834729669,put,11.83,0,31.0,last,False,0.14738951960241894,0.9838957255001556,2026-10-05,SPY,2026-11-30,56,60
763.0,0.14619374588214343,put,12.34,0,9.0,last,False,0.14657493022446444,0.9851869272396572,2026-10-05,SPY,2026-11-30,56,60
764.0,0.14412380534606498,put,12.51,0,135.0,last,False,0.14577101958947614,0.9864781289791587,2026-10-05,SPY,2026-11-30,56,60
765.0,0.14225806572202546,put,12.71,0,314.0,last,False,0.1449780630594037,0.9877693307186601,2026-10-05,SPY,2026-11-30,56,60
766.0,0.142040888263402,put,13.11,0,120.0,last,False,0.14419531137383185,0.9890605324581617,2026-10-05,SPY,2026-11-30,56,60
767.0,0.14081464465434707,put,13.4,0,43.0,last,False,0.14342255106425902,0.9903517341976632,2026-10-05,SPY,2026-11-30,56,60
768.0,0.1420562233515094,put,13.99,0,50.0,last,False,0.14266000921765895,0.9916429359371647,2026-10-05,SPY,2026-11-30,56,60
769.0,0.14009622065011365,put,14.21,0,130.0,last,False,0.14190692545468336,0.9929341376766663,2026-10-05,SPY,2026-11-30,56,60
770.0,0.137736300762537,put,14.39,0,478.0,last,False,0.14116313368067276,0.9942253394161678,2026-10-05,SPY,2026-11-30,56,60
771.0,0.13807195799467106,put,14.9,0,142.0,last,False,0.14042888955917154,0.9955165411556692,2026-10-05,SPY,2026-11-30,56,60
772.0,0.14416753750316874,put,16.11,0,32.0,last,False,0.13970348738616892,0.9968077428951708,2026-10-05,SPY,2026-11-30,56,60
773.0,0.14083366343755005,put,16.2,0,86.0,last,False,0.13898677981720947,0.9980989446346723,2026-10-05,SPY,2026-11-30,56,60
774.0,0.13668326901521344,put,16.2,0,4.0,last,False,0.13827898269739522,0.9993901463741738,2026-10-05,SPY,2026-11-30,56,60
775.0,0.13574072662703182,call,16.07,0,213.0,last,False,0.13757955983250675,1.0006813481136754,2026-10-05,SPY,2026-11-30,56,60
776.0,0.13521299218691873,call,15.53,0,346.0,last,False,0.1368883981780831,1.0019725498531769,2026-10-05,SPY,2026-11-30,56,60
777.0,0.1363518376980479,call,15.2,0,70.0,last,False,0.13620585756367679,1.0032637515926783,2026-10-05,SPY,2026-11-30,56,60
778.0,0.14715442743901866,call,16.04,0,33.0,last,False,0.1355315636516936,1.0045549533321798,2026-10-05,SPY,2026-11-30,56,60
779.0,0.13114051216962802,call,13.67,0,49.0,last,False,0.13486542417376562,1.0058461550716813,2026-10-05,SPY,2026-11-30,56,60
780.0,0.13270531490934853,call,13.42,0,512.0,last,False,0.13420793035361922,1.007137356811183,2026-10-05,SPY,2026-11-30,56,60
781.0,0.12882627134865315,call,12.53,0,136.0,last,False,0.13355881906585515,1.0084285585506845,2026-10-05,SPY,2026-11-30,56,60
782.0,0.12963984839631762,call,12.21,0,11.0,last,False,0.13291814410013378,1.009719760290186,2026-10-05,SPY,2026-11-30,56,60
783.0,0.14026388175225946,call,13.06,0,19.0,last,False,0.13228649352726252,1.0110109620296874,2026-10-05,SPY,2026-11-30,56,60
784.0,0.1275507922262264,call,11.16,0,13.0,last,False,0.13166364499433061,1.012302163769189,2026-10-05,SPY,2026-11-30,56,60
785.0,0.12717736455660772,call,10.73,0,175.0,last,False,0.13104980984448628,1.0135933655086904,2026-10-05,SPY,2026-11-30,56,60
786.0,0.1273192933484855,call,10.37,0,188.0,last,False,0.13044564915225249,1.014884567248192,2026-10-05,SPY,2026-11-30,56,60
787.0,0.12642370571260844,call,9.9,0,46.0,last,False,0.12985109160161193,1.0161757689876936,2026-10-05,SPY,2026-11-30,56,60
788.0,0.12525411794575741,call,9.41,0,116.0,last,False,0.1292664735210134,1.017466970727195,2026-10-05,SPY,2026-11-30,56,60
789.0,0.12486449452263691,call,9.02,0,8.0,last,False,0.12869253680512932,1.0187581724666965,2026-10-05,SPY,2026-11-30,56,60
790.0,0.12616999761106382,call,8.83,0,56.0,last,False,0.12812918254751246,1.020049374206198,2026-10-05,SPY,2026-11-30,56,60
791.0,0.13751826292297475,call,9.77,0,5.0,last,False,0.12757672751545246,1.0213405759456995,2026-10-05,SPY,2026-11-30,56,60
792.0,0.13384554626767053,call,9.03,0,5.0,last,False,0.12703607625127578,1.0226317776852012,2026-10-05,SPY,2026-11-30,56,60
793.0,0.12494667761161361,call,7.74,0,6.0,last,False,0.12650707082797868,1.0239229794247027,2026-10-05,SPY,2026-11-30,56,60
794.0,0.12381938337563757,call,7.32,0,68.0,last,False,0.12599005348651984,1.0252141811642042,2026-10-05,SPY,2026-11-30,56,60
795.0,0.12104912628250891,call,6.74,0,53.0,last,False,0.12548601005865956,1.0265053829037056,2026-10-05,SPY,2026-11-30,56,60
796.0,0.12149812262012973,call,6.51,0,81.0,last,False,0.12499470908084871,1.0277965846432071,2026-10-05,SPY,2026-11-30,56,60
797.0,0.12079225138680391,call,6.17,0,6.0,last,False,0.12451645506935809,1.0290877863827086,2026-10-05,SPY,2026-11-30,56,60
798.0,0.12127773003088756,call,5.96,0,35.0,last,False,0.12405219884463771,1.0303789881222103,2026-10-05,SPY,2026-11-30,56,60
799.0,0.11935043066270877,call,5.52,0,52.0,last,False,0.12360159426145222,1.0316701898617118,2026-10-05,SPY,2026-11-30,56,60
800.0,0.1199673347224892,call,5.34,0,500.0,last,False,0.12316490944260035,1.0329613916012133,2026-10-05,SPY,2026-11-30,56,60
801.0,0.11935564491959462,call,5.05,0,91.0,last,False,0.12274307422175743,1.0342525933407147,2026-10-05,SPY,2026-11-30,56,60
802.0,0.12025175913660735,call,4.91,0,66.0,last,False,0.12233563993754154,1.0355437950802162,2026-10-05,SPY,2026-11-30,56,60
803.0,0.11834384250272842,call,4.52,0,74.0,last,False,0.12194280226533571,1.0368349968197177,2026-10-05,SPY,2026-11-30,56,60
804.0,0.11953514985509536,call,4.42,0,62.0,last,False,0.12156542580752235,1.0381261985592194,2026-10-05,SPY,2026-11-30,56,60
805.0,0.1187349703891106,call,4.15,0,152.0,last,False,0.12120295147232185,1.0394174002987209,2026-10-05,SPY,2026-11-30,56,60
806.0,0.11898875061466832,call,3.98,0,12.0,last,False,0.12085549896984628,1.0407086020382224,2026-10-05,SPY,2026-11-30,56,60
807.0,0.12036424453324478,call,3.91,0,50.0,last,False,0.12052390097920784,1.0419998037777238,2026-10-05,SPY,2026-11-30,56,60
808.0,0.11766230884181222,call,3.51,0,65.0,last,False,0.12020750105612042,1.0432910055172253,2026-10-05,SPY,2026-11-30,56,60
809.0,0.11789769608391412,call,3.36,0,75.0,last,False,0.11990631002218756,1.0445822072567268,2026-10-05,SPY,2026-11-30,56,60
810.0,0.11818815202705356,call,3.22,0,196.0,last,False,0.11962106279102243,1.0458734089962285,2026-10-05,SPY,2026-11-30,56,60
811.0,0.11706791635129339,call,2.98,0,130.0,last,False,0.11935105209750921,1.04716461073573,2026-10-05,SPY,2026-11-30,56,60
812.0,0.11731578229691769,call,2.85,0,34.0,last,False,0.11909627295178439,1.0484558124752315,2026-10-05,SPY,2026-11-30,56,60
813.0,0.11592110580927072,call,2.61,0,3.0,last,False,0.11885742963833659,1.049747014214733,2026-10-05,SPY,2026-11-30,56,60
814.0,0.12325206789643212,call,2.99,0,30.0,last,False,0.11863375341358594,1.0510382159542344,2026-10-05,SPY,2026-11-30,56,60
815.0,0.11624945119703253,call,2.37,0,98.0,last,False,0.11842519965105469,1.052329417693736,2026-10-05,SPY,2026-11-30,56,60
816.0,0.11660863089911876,call,2.27,0,39.0,last,False,0.11823239219547925,1.0536206194332376,2026-10-05,SPY,2026-11-30,56,60
817.0,0.11706219701918923,call,2.18,0,10.0,last,False,0.118054577199623,1.054911821172739,2026-10-05,SPY,2026-11-30,56,60
818.0,0.11663214054092563,call,2.04,0,23.0,last,False,0.11789169752507908,1.0562030229122406,2026-10-05,SPY,2026-11-30,56,60
819.0,0.11556659745850033,call,1.87,0,143.0,last,False,0.11774436785744931,1.057494224651742,2026-10-05,SPY,2026-11-30,56,60
820.0,0.11522963367592971,call,1.75,0,199.0,last,False,0.1176118083367222,1.0587854263912435,2026-10-05,SPY,2026-11-30,56,60
825.0,0.114281757567839,call,1.27,0,80.0,last,False,0.11717137296408482,1.0652414350887511,2026-10-05,SPY,2026-11-30,56,60
830.0,0.11589033483158963,call,1.0,0,334.0,last,False,0.11709566928188116,1.0716974437862588,2026-10-05,SPY,2026-11-30,56,60
835.0,0.11605300969517364,call,0.74,0,303.0,last,False,0.11738167517830472,1.0781534524837664,2026-10-05,SPY,2026-11-30,56,60
840.0,0.11653304335036978,call,0.55,0,111.0,last,False,0.11803281123509085,1.084609461181274,2026-10-05,SPY,2026-11-30,56,60
845.0,0.11722397137894121,call,0.41,0,5.0,last,False,0.1190599389034003,1.0910654698787814,2026-10-05,SPY,2026-11-30,56,60
850.0,0.12001968111539386,call,0.34,0,7.0,last,False,0.12047460318990977,1.097521478576289,2026-10-05,SPY,2026-11-30,56,60
855.0,0.11586422407848666,call,0.19,0,3.0,last,False,0.1222729202756065,1.1039774872737966,2026-10-05,SPY,2026-11-30,56,60
860.0,0.12419630894765102,call,0.22,0,15.0,last,False,0.12442423005110129,1.1104334959713043,2026-10-05,SPY,2026-11-30,56,60
865.0,0.124507051463194,call,0.16,0,9.0,last,False,0.12686021265262215,1.1168895046688119,2026-10-05,SPY,2026-11-30,56,60
870.0,0.13211866399166788,call,0.18,0,1.0,last,False,0.12947778496146053,1.1233455133663195,2026-10-05,SPY,2026-11-30,56,60
875.0,0.12937871384040725,call,0.11,0,10.0,last,False,0.13215709147043284,1.129801522063827,2026-10-05,SPY,2026-11-30,56,60
880.0,0.13739563082341272,call,0.13,0,17.0,last,False,0.13478496732252776,1.1362575307613345,2026-10-05,SPY,2026-11-30,56,60
885.0,0.1398300084313634,call,0.11,0,6.0,last,False,0.13727956468247862,1.1427135394588421,2026-10-05,SPY,2026-11-30,56,60
890.0,0.14336788590037997,call,0.1,0,6.0,last,False,,1.1491695481563498,2026-10-05,SPY,2026-11-30,56,60
895.0,0.14028257074367492,call,0.06,0,11.0,last,False,,1.1556255568538574,2026-10-05,SPY,2026-11-30,56,60
900.0,0.14235063558692085,call,0.05,0,72.0,last,False,,1.162081565551365,2026-10-05,SPY,2026-11-30,56,60
905.0,0.14378121283817275,call,0.04,0,48.0,last,False,,1.1685375742488724,2026-10-05,SPY,2026-11-30,56,60
910.0,0.15164105579270803,call,0.05,0,48.0,last,False,,1.17499358294638,2026-10-05,SPY,2026-11-30,56,60
915.0,0.14870964160805172,call,0.03,0,48.0,last,False,,1.1814495916438876,2026-10-05,SPY,2026-11-30,56,60
920.0,0.15307468502820024,call,0.03,0,22.0,last,False,,1.1879056003413953,2026-10-05,SPY,2026-11-30,56,60
621.0,0.2879801375120478,put,2.36,0,73.0,last,False,,0.8010113444393729,2026-10-05,SPY,2026-12-31,87,90
622.0,0.28576609605829156,put,2.34,0,63.0,last,False,,0.802301217779855,2026-10-05,SPY,2026-12-31,87,90
623.0,0.2840749332801117,put,2.34,0,65.0,last,False,,0.8035910911203371,2026-10-05,SPY,2026-12-31,87,90
624.0,0.2808265790989357,put,2.28,0,69.0,last,False,,0.8048809644608191,2026-10-05,SPY,2026-12-31,87,90
625.0,0.27914491337804553,put,2.28,0,66.0,last,False,,0.8061708378013013,2026-10-05,SPY,2026-12-31,87,90
626.0,0.2782398375579894,put,2.31,0,166.0,last,False,,0.8074607111417833,2026-10-05,SPY,2026-12-31,87,90
627.0,0.2755271687206847,put,2.27,0,416.0,last,False,,0.8087505844822654,2026-10-05,SPY,2026-12-31,87,90
628.0,0.28675878856477016,put,2.8,0,1.0,last,False,,0.8100404578227475,2026-10-05,SPY,2026-12-31,87,90
629.0,0.28010036083278794,put,2.59,0,15.0,last,False,,0.8113303311632296,2026-10-05,SPY,2026-12-31,87,90
630.0,0.27402062700870333,put,2.41,0,5.0,last,False,,0.8126202045037116,2026-10-05,SPY,2026-12-31,87,90
631.0,0.2773944284434638,put,2.62,0,3.0,last,False,,0.8139100778441938,2026-10-05,SPY,2026-12-31,87,90
632.0,0.27089054845247323,put,2.42,0,172.0,last,False,,0.8151999511846758,2026-10-05,SPY,2026-12-31,87,90
633.0,0.27089693544830135,put,2.49,0,271.0,last,False,,0.816489824525158,2026-10-05,SPY,2026-12-31,87,90
634.0,0.2699187411749794,put,2.52,0,2.0,last,False,,0.81777969786564,2026-10-05,SPY,2026-12-31,87,90
635.0,0.2675119280422945,put,2.49,0,41.0,last,False,,0.8190695712061221,2026-10-05,SPY,2026-12-31,87,90
636.0,0.2653463861548898,put,2.47,0,4.0,last,False,,0.8203594445466041,2026-10-05,SPY,2026-12-31,87,90
637.0,0.2662348628853983,put,2.58,0,6.0,last,False,,0.8216493178870863,2026-10-05,SPY,2026-12-31,87,90
638.0,0.2643061651839163,put,2.57,0,2.0,last,False,,0.8229391912275683,2026-10-05,SPY,2026-12-31,87,90
639.0,0.2648876377733405,put,2.67,0,3.0,last,False,,0.8242290645680505,2026-10-05,SPY,2026-12-31,87,90
640.0,0.26540699573685034,put,2.77,0,48.0,last,False,,0.8255189379085325,2026-10-05,SPY,2026-12-31,87,90
641.0,0.26281222438607427,put,2.73,0,76.0,last,False,,0.8268088112490145,2026-10-05,SPY,2026-12-31,87,90
642.0,0.2700144255870185,put,3.15,0,1.0,last,False,,0.8280986845894966,2026-10-05,SPY,2026-12-31,87,90
643.0,0.27188930129439026,put,3.33,0,1.0,last,False,,0.8293885579299787,2026-10-05,SPY,2026-12-31,87,90
644.0,0.2572516894741767,put,2.71,0,2.0,last,False,,0.8306784312704608,2026-10-05,SPY,2026-12-31,87,90
645.0,0.25684739785352795,put,2.77,0,3.0,last,False,,0.8319683046109428,2026-10-05,SPY,2026-12-31,87,90
646.0,0.2578942597315572,put,2.9,0,2.0,last,False,,0.833258177951425,2026-10-05,SPY,2026-12-31,87,90
647.0,0.26307485981721307,put,3.24,0,1.0,last,False,,0.834548051291907,2026-10-05,SPY,2026-12-31,87,90
648.0,0.2571243761083945,put,3.03,0,9.0,last,False,,0.8358379246323892,2026-10-05,SPY,2026-12-31,87,90
649.0,0.2537639044579132,put,2.95,0,6.0,last,False,,0.8371277979728712,2026-10-05,SPY,2026-12-31,87,90
650.0,0.2512221667162909,put,2.91,0,10221.0,last,False,,0.8384176713133533,2026-10-05,SPY,2026-12-31,87,90
651.0,0.26084005934639654,put,3.49,0,1.0,last,False,,0.8397075446538353,2026-10-05,SPY,2026-12-31,87,90
652.0,0.25119766275672756,put,3.08,0,1.0,last,False,,0.8409974179943175,2026-10-05,SPY,2026-12-31,87,90
653.0,0.259875675306811,put,3.63,0,14.0,last,False,0.25325971443461015,0.8422872913347995,2026-10-05,SPY,2026-12-31,87,90
654.0,0.25626931650315177,put,3.53,0,20.0,last,False,0.2523079117786256,0.8435771646752817,2026-10-05,SPY,2026-12-31,87,90
655.0,0.24658581629917017,put,3.11,0,15.0,last,False,0.2513537882077555,0.8448670380157637,2026-10-05,SPY,2026-12-31,87,90
656.0,0.2469612783484568,put,3.22,0,3.0,last,False,0.25039719053213194,0.8461569113562458,2026-10-05,SPY,2026-12-31,87,90
657.0,0.25150028788209805,put,3.56,0,2.0,last,False,0.24943822336604551,0.8474467846967279,2026-10-05,SPY,2026-12-31,87,90
658.0,0.24478811638228276,put,3.29,0,1.0,last,False,0.2484768262013449,0.84873665803721,2026-10-05,SPY,2026-12-31,87,90
659.0,0.24285474467497367,put,3.28,0,15.0,last,False,0.24751301124803046,0.850026531377692,2026-10-05,SPY,2026-12-31,87,90
660.0,0.24184601007379017,put,3.32,0,6.0,last,False,0.2465468357907966,0.8513164047181742,2026-10-05,SPY,2026-12-31,87,90
661.0,0.2531750444381686,put,4.07,0,37.0,last,False,0.24557820792702081,0.8526062780586562,2026-10-05,SPY,2026-12-31,87,90
662.0,0.24015623500911357,put,3.42,0,1.0,last,False,0.24460731660450943,0.8538961513991383,2026-10-05,SPY,2026-12-31,87,90
663.0,0.27721829723765073,put,5.89,0,3.0,last,False,0.24363411225947024,0.8551860247396204,2026-10-05,SPY,2026-12-31,87,90
664.0,0.24015290608048295,put,3.62,0,2.0,last,False,0.2426587200089424,0.8564758980801025,2026-10-05,SPY,2026-12-31,87,90
665.0,0.2394103189536975,put,3.68,0,4.0,last,False,0.24168122965710198,0.8577657714205845,2026-10-05,SPY,2026-12-31,87,90
666.0,0.24670762704128504,put,4.23,0,1.0,last,False,0.2407016800538061,0.8590556447610667,2026-10-05,SPY,2026-12-31,87,90
667.0,0.23636241137406247,put,3.71,0,3.0,last,False,0.23972028028520406,0.8603455181015487,2026-10-05,SPY,2026-12-31,87,90
668.0,0.2330621708522164,put,3.62,0,1.0,last,False,0.2387370416586549,0.8616353914420308,2026-10-05,SPY,2026-12-31,87,90
669.0,0.23313732254989314,put,3.73,0,6.0,last,False,0.23775216271803915,0.8629252647825129,2026-10-05,SPY,2026-12-31,87,90
670.0,0.232183890144617,put,3.78,0,40.0,last,False,0.23676574276851706,0.8642151381229949,2026-10-05,SPY,2026-12-31,87,90
671.0,0.2474529397422658,put,4.88,0,1.0,last,False,0.23577785694927275,0.865505011463477,2026-10-05,SPY,2026-12-31,87,90
672.0,0.23200392968288597,put,3.99,0,2.0,last,False,0.2347886497604297,0.866794884803959,2026-10-05,SPY,2026-12-31,87,90
673.0,0.2300437983999328,put,3.98,0,2.0,last,False,0.2337981534765324,0.8680847581444412,2026-10-05,SPY,2026-12-31,87,90
674.0,0.23504194772872194,put,4.42,0,5.0,last,False,0.23280652444657432,0.8693746314849232,2026-10-05,SPY,2026-12-31,87,90
675.0,0.22847354450902163,put,4.11,0,65.0,last,False,0.23181378084897522,0.8706645048254054,2026-10-05,SPY,2026-12-31,87,90
676.0,0.22819841789693318,put,4.21,0,10.0,last,False,0.23081997965104697,0.8719543781658874,2026-10-05,SPY,2026-12-31,87,90
677.0,0.22546527315632184,put,4.15,0,1.0,last,False,0.22982516559125646,0.8732442515063695,2026-10-05,SPY,2026-12-31,87,90
678.0,0.23266467151962747,put,4.76,0,2.0,last,False,0.22882926699044434,0.8745341248468516,2026-10-05,SPY,2026-12-31,87,90
679.0,0.2228933799855183,put,4.22,0,2.0,last,False,0.22783235562462653,0.8758239981873337,2026-10-05,SPY,2026-12-31,87,90
680.0,0.22241370267130336,put,4.31,0,11.0,last,False,0.22683438378811493,0.8771138715278157,2026-10-05,SPY,2026-12-31,87,90
681.0,0.22176221674461208,put,4.39,0,2.0,last,False,0.2258353232481523,0.8784037448682979,2026-10-05,SPY,2026-12-31,87,90
682.0,0.22452029704335258,put,4.71,0,2.0,last,False,0.22483514775001323,0.8796936182087799,2026-10-05,SPY,2026-12-31,87,90
683.0,0.2291513967015204,put,5.18,0,7.0,last,False,0.22383374599937036,0.880983491549262,2026-10-05,SPY,2026-12-31,87,90
684.0,0.22330746272642318,put,4.89,0,1.0,last,False,0.22283115577951806,0.8822733648897441,2026-10-05,SPY,2026-12-31,87,90
685.0,0.21839079547550433,put,4.67,0,61.0,last,False,0.22182729328982653,0.8835632382302262,2026-10-05,SPY,2026-12-31,87,90
686.0,0.2220058303270949,put,5.07,0,1.0,last,False,0.2208221542608292,0.8848531115707082,2026-10-05,SPY,2026-12-31,87,90
687.0,0.2279818520779295,put,5.67,0,7.0,last,False,0.2198156946471614,0.8861429849111904,2026-10-05,SPY,2026-12-31,87,90
688.0,0.22439078644160879,put,5.54,0,30.0,last,False,0.2188078795513348,0.8874328582516724,2026-10-05,SPY,2026-12-31,87,90
689.0,0.21898257911349428,put,5.27,0,1.0,last,False,0.21779880798381934,0.8887227315921545,2026-10-05,SPY,2026-12-31,87,90
690.0,0.21564863690049482,put,5.16,0,135.0,last,False,0.21678843144176194,0.8900126049326366,2026-10-05,SPY,2026-12-31,87,90
691.0,0.23235951670171578,put,6.66,0,4.0,last,False,0.2157768507091556,0.8913024782731187,2026-10-05,SPY,2026-12-31,87,90
692.0,0.21237964925214098,put,5.2,0,4.0,last,False,0.21476422967120776,0.8925923516136007,2026-10-05,SPY,2026-12-31,87,90
693.0,0.2118902388864853,put,5.31,0,2.0,last,False,0.21375065763518594,0.8938822249540829,2026-10-05,SPY,2026-12-31,87,90
694.0,0.21137413518676,put,5.42,0,4.0,last,False,0.2127363220056591,0.8951720982945649,2026-10-05,SPY,2026-12-31,87,90
695.0,0.20920955812339587,put,5.4,0,33.0,last,False,0.21172141361531915,0.896461971635047,2026-10-05,SPY,2026-12-31,87,90
696.0,0.21014138526609577,put,5.63,0,2.0,last,False,0.21070613509748243,0.8977518449755291,2026-10-05,SPY,2026-12-31,87,90
697.0,0.20833332506200894,put,5.64,0,2.0,last,False,0.209690752786337,0.8990417183160112,2026-10-05,SPY,2026-12-31,87,90
698.0,0.20554954111748797,put,5.57,0,2.0,last,False,0.20867553571821024,0.9003315916564932,2026-10-05,SPY,2026-12-31,87,90
699.0,0.21239722830929655,put,6.31,0,5.0,last,False,0.20766079287405131,0.9016214649969753,2026-10-05,SPY,2026-12-31,87,90
700.0,0.20229292259118212,put,5.62,0,228.0,last,False,0.2066468494611938,0.9029113383374574,2026-10-05,SPY,2026-12-31,87,90
701.0,0.2023803939451067,put,5.79,0,1.0,last,False,0.20563399668058432,0.9042012116779394,2026-10-05,SPY,2026-12-31,87,90
702.0,0.20300537049696837,put,6.01,0,1.0,last,False,0.20462262658629518,0.9054910850184216,2026-10-05,SPY,2026-12-31,87,90
703.0,0.19999966039215933,put,5.92,0,4.0,last,False,0.20361306377423594,0.9067809583589036,2026-10-05,SPY,2026-12-31,87,90
704.0,0.2015901524555102,put,6.23,0,6.0,last,False,0.2026056901593499,0.9080708316993857,2026-10-05,SPY,2026-12-31,87,90
705.0,0.19960978680725464,put,6.23,0,9.0,last,False,0.20160089818499996,0.9093607050398678,2026-10-05,SPY,2026-12-31,87,90
706.0,0.20815323584758424,put,7.19,0,1.0,last,False,0.20059892490299996,0.9106505783803499,2026-10-05,SPY,2026-12-31,87,90
707.0,0.19907722020301347,put,6.54,0,3.0,last,False,0.1996003276222028,0.9119404517208319,2026-10-05,SPY,2026-12-31,87,90
708.0,0.19783573178659228,put,6.61,0,1.0,last,False,0.19860524065097124,0.9132303250613141,2026-10-05,SPY,2026-12-31,87,90
709.0,0.1939747813859367,put,6.44,0,2.0,last,False,0.19761406225429246,0.9145201984017961,2026-10-05,SPY,2026-12-31,87,90
710.0,0.19818504106046922,put,7.02,0,74.0,last,False,0.19662708356905706,0.9158100717422782,2026-10-05,SPY,2026-12-31,87,90
711.0,0.19635467458055683,put,7.04,0,2.0,last,False,0.19564451904583235,0.9170999450827603,2026-10-05,SPY,2026-12-31,87,90
712.0,0.19670161144538892,put,7.27,0,2.0,last,False,0.19466685832698577,0.9183898184232424,2026-10-05,SPY,2026-12-31,87,90
713.0,0.19381697089532796,put,7.19,0,2.0,last,False,0.19369402715849854,0.9196796917637244,2026-10-05,SPY,2026-12-31,87,90
714.0,0.19298764078876193,put,7.31,0,3.0,last,False,0.19272636976877416,0.9209695651042066,2026-10-05,SPY,2026-12-31,87,90
715.0,0.18898172376739075,put,7.12,0,20.0,last,False,0.19176411401940663,0.9222594384446886,2026-10-05,SPY,2026-12-31,87,90
716.0,0.18620779063242462,put,7.05,0,1.0,last,False,0.1908072342515556,0.9235493117851707,2026-10-05,SPY,2026-12-31,87,90
717.0,0.1895720950200755,put,7.59,0,1.0,last,False,0.18985619949393434,0.9248391851256528,2026-10-05,SPY,2026-12-31,87,90
718.0,0.18866227693828452,put,7.71,0,1.0,last,False,0.18891084017365756,0.9261290584661349,2026-10-05,SPY,2026-12-31,87,90
719.0,0.1858730797637705,put,7.64,0,2.0,last,False,0.18797139460847528,0.9274189318066169,2026-10-05,SPY,2026-12-31,87,90
720.0,0.18552025761399613,put,7.82,0,275.0,last,False,0.18703778937153687,0.9287088051470991,2026-10-05,SPY,2026-12-31,87,90
721.0,0.18618495096080578,put,8.11,0,101.0,last,False,0.1861100776502685,0.9299986784875811,2026-10-05,SPY,2026-12-31,87,90
722.0,0.1830979249764535,put,8.01,0,56.0,last,False,0.18518842819163514,0.9312885518280632,2026-10-05,SPY,2026-12-31,87,90
723.0,0.1824739647366809,put,8.17,0,375.0,last,False,0.18427252022205862,0.9325784251685453,2026-10-05,SPY,2026-12-31,87,90
724.0,0.1835869539573257,put,8.52,0,47.0,last,False,0.18336258746680437,0.9338682985090274,2026-10-05,SPY,2026-12-31,87,90
725.0,0.18077044357926972,put,8.45,0,219.0,last,False,0.18245840966167062,0.9351581718495094,2026-10-05,SPY,2026-12-31,87,90
726.0,0.18179669468798307,put,8.8,0,1.0,last,False,0.18155984992629254,0.9364480451899916,2026-10-05,SPY,2026-12-31,87,90
727.0,0.17851532823956215,put,8.68,0,9.0,last,False,0.1806672167831973,0.9377379185304736,2026-10-05,SPY,2026-12-31,87,90
728.0,0.17883792961650094,put,8.96,0,11.0,last,False,0.17978000567076943,0.9390277918709556,2026-10-05,SPY,2026-12-31,87,90
729.0,0.17910887112850307,put,9.24,0,2.0,last,False,0.17889837692649516,0.9403176652114378,2026-10-05,SPY,2026-12-31,87,90
730.0,0.17608437458059034,put,9.15,0,184.0,last,False,0.17802199042405217,0.9416075385519198,2026-10-05,SPY,2026-12-31,87,90
731.0,0.17785881957058375,put,9.61,0,8.0,last,False,0.1771508340307085,0.942897411892402,2026-10-05,SPY,2026-12-31,87,90
732.0,0.1773168222932907,put,9.81,0,6.0,last,False,0.1762847420862547,0.944187285232884,2026-10-05,SPY,2026-12-31,87,90
733.0,0.17580632293956783,put,9.9,0,5.0,last,False,0.17542343824643178,0.9454771585733661,2026-10-05,SPY,2026-12-31,87,90
734.0,0.1722449892930332,put,9.75,0,8.0,last,False,0.17456700312684398,0.9467670319138481,2026-10-05,SPY,2026-12-31,87,90
735.0,0.17164332997785642,put,9.95,0,49.0,last,False,0.17371516782180435,0.9480569052543303,2026-10-05,SPY,2026-12-31,87,90
736.0,0.1734203221058969,put,10.44,0,47.0,last,False,0.17286792044479835,0.9493467785948123,2026-10-05,SPY,2026-12-31,87,90
737.0,0.17108557752225217,put,10.44,0,3.0,last,False,0.1720250281009946,0.9506366519352945,2026-10-05,SPY,2026-12-31,87,90
738.0,0.17290798934987459,put,10.95,0,48.0,last,False,0.17118639276183464,0.9519265252757765,2026-10-05,SPY,2026-12-31,87,90
739.0,0.1713430478891663,put,11.05,0,10.0,last,False,0.17035202160619511,0.9532163986162586,2026-10-05,SPY,2026-12-31,87,90
740.0,0.16702603732320093,put,10.81,0,69.0,last,False,0.16952162180448258,0.9545062719567406,2026-10-05,SPY,2026-12-31,87,90
741.0,0.1671217170838378,put,11.12,0,10.0,last,False,0.16869526889898748,0.9557961452972228,2026-10-05,SPY,2026-12-31,87,90
742.0,0.1683544115335401,put,11.58,0,6.0,last,False,0.16787283479922907,0.9570860186377048,2026-10-05,SPY,2026-12-31,87,90
743.0,0.16748575236614943,put,11.78,0,7.0,last,False,0.1670542338608916,0.958375891978187,2026-10-05,SPY,2026-12-31,87,90
744.0,0.1673627470270586,put,12.08,0,10.0,last,False,0.16623947634001895,0.959665765318669,2026-10-05,SPY,2026-12-31,87,90
745.0,0.1637283654852888,put,11.93,0,33.0,last,False,0.16542835435748848,0.9609556386591511,2026-10-05,SPY,2026-12-31,87,90
746.0,0.16485106662232918,put,12.4,0,10.0,last,False,0.1646210565794832,0.9622455119996332,2026-10-05,SPY,2026-12-31,87,90
747.0,0.16499832967480696,put,12.75,0,6.0,last,False,0.16381743598787707,0.9635353853401153,2026-10-05,SPY,2026-12-31,87,90
748.0,0.16449623392236737,put,13.02,0,18.0,last,False,0.16301755613060556,0.9648252586805973,2026-10-05,SPY,2026-12-31,87,90
749.0,0.15976390436085455,put,12.73,0,4.0,last,False,0.16222135692672604,0.9661151320210795,2026-10-05,SPY,2026-12-31,87,90
750.0,0.15832311635314814,put,12.88,0,248.0,last,False,0.1614287540422179,0.9674050053615615,2026-10-05,SPY,2026-12-31,87,90
751.0,0.16077553171025297,put,13.56,0,6.0,last,False,0.16064001779088752,0.9686948787020436,2026-10-05,SPY,2026-12-31,87,90
752.0,0.15903828097551745,put,13.68,0,14.0,last,False,0.159854935446091,0.9699847520425257,2026-10-05,SPY,2026-12-31,87,90
753.0,0.1599008209049485,put,14.16,0,2.0,last,False,0.15907363678896727,0.9712746253830078,2026-10-05,SPY,2026-12-31,87,90
754.0,0.15904198233898073,put,14.41,0,2.0,last,False,0.15829606239663774,0.9725644987234898,2026-10-05,SPY,2026-12-31,87,90
755.0,0.1543312013112879,put,14.13,0,147.0,last,False,0.15752230954259294,0.973854372063972,2026-10-05,SPY,2026-12-31,87,90
756.0,0.15771923522106973,put,14.98,0,3.0,last,False,0.1567524552879426,0.975144245404454,2026-10-05,SPY,2026-12-31,87,90
757.0,0.15724941329433045,put,15.3,0,17.0,last,False,0.1559863430683311,0.976434118744936,2026-10-05,SPY,2026-12-31,87,90
758.0,0.15334378775136143,put,15.14,0,3.0,last,False,0.15522418244178932,0.9777239920854182,2026-10-05,SPY,2026-12-31,87,90
759.0,0.15534385378043747,put,15.82,0,3.0,last,False,0.15446588623308355,0.9790138654259002,2026-10-05,SPY,2026-12-31,87,90
760.0,0.15069498835114256,put,15.56,0,167.0,last,False,0.15371152126385254,0.9803037387663823,2026-10-05,SPY,2026-12-31,87,90
761.0,0.15371024715125842,put,16.4,0,22.0,last,False,0.1529612105494645,0.9815936121068644,2026-10-05,SPY,2026-12-31,87,90
762.0,0.15089370959096632,put,16.41,0,3.0,last,False,0.15221481448808016,0.9828834854473465,2026-10-05,SPY,2026-12-31,87,90
763.0,0.1488137802086729,put,16.53,0,3.0,last,False,0.15147267861796956,0.9841733587878285,2026-10-05,SPY,2026-12-31,87,90
764.0,0.14794186302206255,put,16.83,0,247.0,last,False,0.15073463328889555,0.9854632321283107,2026-10-05,SPY,2026-12-31,87,90
765.0,0.1460009243901026,put,16.98,0,111.0,last,False,0.15000088141842652,0.9867531054687927,2026-10-05,SPY,2026-12-31,87,90
766.0,0.15051015859486205,put,18.08,0,3.0,last,False,0.14927150405688613,0.9880429788092748,2026-10-05,SPY,2026-12-31,87,90
767.0,0.15269408727868977,put,18.85,0,15.0,last,False,0.1485464556646713,0.9893328521497569,2026-10-05,SPY,2026-12-31,87,90
768.0,0.14763344469993994,put,18.56,0,29.0,last,False,0.14782614889990509,0.990622725490239,2026-10-05,SPY,2026-12-31,87,90
769.0,0.14370204446998505,put,18.44,0,10.0,last,False,0.1471104330367169,0.991912598830721,2026-10-05,SPY,2026-12-31,87,90
770.0,0.14304730911180086,put,18.81,0,195.0,last,False,0.14639974426222482,0.9932024721712032,2026-10-05,SPY,2026-12-31,87,90
771.0,0.15149730678689552,put,20.54,0,17.0,last,False,0.14569416711378086,0.9944923455116852,2026-10-05,SPY,2026-12-31,87,90
772.0,0.1440169087294423,put,19.91,0,241.0,last,False,0.14499382081887177,0.9957822188521673,2026-10-05,SPY,2026-12-31,87,90
773.0,0.14992425494831113,put,21.28,0,115.0,last,False,0.14429915301483376,0.9970720921926494,2026-10-05,SPY,2026-12-31,87,90
774.0,0.14498567295677037,put,21.04,0,41.0,last,False,0.14361015974716382,0.9983619655331315,2026-10-05,SPY,2026-12-31,87,90
775.0,0.14275279899818305,put,21.21,0,586.0,last,False,0.14292738393839904,0.9996518388736135,2026-10-05,SPY,2026-12-31,87,90
776.0,0.14183297600762176,call,20.86,0,8.0,last,False,0.14225098109217152,1.0009417122140956,2026-10-05,SPY,2026-12-31,87,90
777.0,0.1397105329498345,call,20.07,0,5.0,last,False,0.14158125906448488,1.0022315855545778,2026-10-05,SPY,2026-12-31,87,90
778.0,0.13900958495675414,call,19.5,0,412.0,last,False,0.14091876402143277,1.0035214588950598,2026-10-05,SPY,2026-12-31,87,90
779.0,0.13705395321778546,call,18.75,0,6.0,last,False,0.14026351983373814,1.0048113322355419,2026-10-05,SPY,2026-12-31,87,90
780.0,0.13966562550425005,call,18.69,0,240.0,last,False,0.13961628215539953,1.006101205576024,2026-10-05,SPY,2026-12-31,87,90
781.0,0.1372719028753384,call,17.89,0,33.0,last,False,0.138977153141812,1.0073910789165061,2026-10-05,SPY,2026-12-31,87,90
782.0,0.13683576047166582,call,17.39,0,23.0,last,False,0.1383465999799869,1.0086809522569882,2026-10-05,SPY,2026-12-31,87,90
783.0,0.1360785117605763,call,16.85,0,18.0,last,False,0.13772510184300396,1.0099708255974702,2026-10-05,SPY,2026-12-31,87,90
784.0,0.13580721590756953,call,16.39,0,8.0,last,False,0.13711268869793944,1.0112606989379522,2026-10-05,SPY,2026-12-31,87,90
785.0,0.1343334931457616,call,15.76,0,24.0,last,False,0.1365104106548147,1.0125505722784343,2026-10-05,SPY,2026-12-31,87,90
786.0,0.13341073111030902,call,15.22,0,291.0,last,False,0.1359180392870155,1.0138404456189165,2026-10-05,SPY,2026-12-31,87,90
787.0,0.13399842927201966,call,14.91,0,36.0,last,False,0.13533625803324073,1.0151303189593985,2026-10-05,SPY,2026-12-31,87,90
788.0,0.13330779635725684,call,14.42,0,91.0,last,False,0.13476535606906526,1.0164201922998806,2026-10-05,SPY,2026-12-31,87,90
789.0,0.13256012343456444,call,13.93,0,40.0,last,False,0.13420542616898923,1.0177100656403626,2026-10-05,SPY,2026-12-31,87,90
790.0,0.13313669022115854,call,13.64,0,133.0,last,False,0.1336573277582033,1.0189999389808448,2026-10-05,SPY,2026-12-31,87,90
791.0,0.13172249521195914,call,13.07,0,94.0,last,False,0.13312070949055332,1.0202898123213269,2026-10-05,SPY,2026-12-31,87,90
792.0,0.13044991835950837,call,12.53,0,73.0,last,False,0.13259632168540939,1.021579685661809,2026-10-05,SPY,2026-12-31,87,90
793.0,0.1307298983046857,call,12.22,0,77.0,last,False,0.13208412752252738,1.022869559002291,2026-10-05,SPY,2026-12-31,87,90
794.0,0.13025306468751174,call,11.81,0,30.0,last,False,0.1315842630616149,1.0241594323427732,2026-10-05,SPY,2026-12-31,87,90
795.0,0.129360549514544,call,11.35,0,69.0,last,False,0.13109729502418527,1.0254493056832552,2026-10-05,SPY,2026-12-31,87,90
796.0,0.12861851419512554,call,10.92,0,34.0,last,False,0.13062275474320004,1.0267391790237372,2026-10-05,SPY,2026-12-31,87,90
797.0,0.12671957572871015,call,10.34,0,19.0,last,False,0.13016139178252267,1.0280290523642193,2026-10-05,SPY,2026-12-31,87,90
798.0,0.12782041787918053,call,10.18,0,17.0,last,False,0.12971274977163313,1.0293189257047015,2026-10-05,SPY,2026-12-31,87,90
799.0,0.12703582776352276,call,9.77,0,14.0,last,False,0.12927701332140207,1.0306087990451835,2026-10-05,SPY,2026-12-31,87,90
800.0,0.12738147068901806,call,9.52,0,248.0,last,False,0.1288543767501534,1.0318986723856656,2026-10-05,SPY,2026-12-31,87,90
801.0,0.126245180630719,call,9.08,0,17.0,last,False,0.12844431837882153,1.0331885457261476,2026-10-05,SPY,2026-12-31,87,90
802.0,0.1269440333929334,call,8.89,0,9.0,last,False,0.12804754118053835,1.0344784190666299,2026-10-05,SPY,2026-12-31,87,90
803.0,0.12528588428268095,call,8.4,0,14.0,last,False,0.12766322296869603,1.0357682924071119,2026-10-05,SPY,2026-12-31,87,90
804.0,0.12658985459254538,call,8.3,0,29.0,last,False,0.12729159212003077,1.037058165747594,2026-10-05,SPY,2026-12-31,87,90
805.0,0.1253386223638545,call,7.88,0,160.0,last,False,0.12693245722293586,1.038348039088076,2026-10-05,SPY,2026-12-31,87,90
806.0,0.12488546187550946,call,7.57,0,176.0,last,False,0.12658535876069918,1.0396379124285582,2026-10-05,SPY,2026-12-31,87,90
807.0,0.1241230665602945,call,7.23,0,20.0,last,False,0.126250721883914,1.0409277857690402,2026-10-05,SPY,2026-12-31,87,90
808.0,0.12336878034957849,call,6.9,0,18.0,last,False,0.1259277201724373,1.0422176591095222,2026-10-05,SPY,2026-12-31,87,90
809.0,0.12405244048655911,call,6.75,0,5.0,last,False,0.12561656188936832,1.0435075324500043,2026-10-05,SPY,2026-12-31,87,90
810.0,0.12512454024924333,call,6.65,0,527.0,last,False,0.12531677970905905,1.0447974057904865,2026-10-05,SPY,2026-12-31,87,90
811.0,0.12289973407204015,call,6.17,0,12.0,last,False,0.12502805288318825,1.0460872791309686,2026-10-05,SPY,2026-12-31,87,90
812.0,0.12423663073946188,call,6.11,0,15.0,last,False,0.12475050901068747,1.0473771524714506,2026-10-05,SPY,2026-12-31,87,90
813.0,0.12413726799092581,call,5.89,0,110.0,last,False,0.12448334227445294,1.0486670258119326,2026-10-05,SPY,2026-12-31,87,90
814.0,0.12198598955761564,call,5.45,0,13.0,last,False,0.1242267809174926,1.0499568991524146,2026-10-05,SPY,2026-12-31,87,90
815.0,0.12349559309288695,call,5.42,0,21.0,last,False,0.123980206040725,1.0512467724928969,2026-10-05,SPY,2026-12-31,87,90
816.0,0.12609943147749428,call,5.51,0,5.0,last,False,0.12374343071705657,1.052536645833379,2026-10-05,SPY,2026-12-31,87,90
817.0,0.12221275363559106,call,4.91,0,10.0,last,False,0.12351636550772131,1.053826519173861,2026-10-05,SPY,2026-12-31,87,90
818.0,0.12091364423968726,call,4.6,0,14.0,last,False,0.12329837953385943,1.055116392514343,2026-10-05,SPY,2026-12-31,87,90
819.0,0.12161125811274578,call,4.5,0,119.0,last,False,0.12308967154065284,1.0564062658548252,2026-10-05,SPY,2026-12-31,87,90
820.0,0.12085610876339659,call,4.26,0,408.0,last,False,0.12288953826038475,1.0576961391953072,2026-10-05,SPY,2026-12-31,87,90
821.0,0.12157754581301311,call,4.17,0,94.0,last,False,0.12269795937451768,1.0589860125357893,2026-10-05,SPY,2026-12-31,87,90
822.0,0.12142793118893772,call,4.0,0,19.0,last,False,0.12251467537763881,1.0602758858762713,2026-10-05,SPY,2026-12-31,87,90
823.0,0.12100356694228201,call,3.81,0,163.0,last,False,0.12233925107671009,1.0615657592167536,2026-10-05,SPY,2026-12-31,87,90
824.0,0.120950658523452,call,3.66,0,123.0,last,False,0.12217187705859908,1.0628556325572356,2026-10-05,SPY,2026-12-31,87,90
825.0,0.11970757347807467,call,3.41,0,238.0,last,False,0.12201192852461155,1.0641455058977176,2026-10-05,SPY,2026-12-31,87,90
826.0,0.1196335152509687,call,3.27,0,193.0,last,False,0.12185949693054889,1.0654353792381996,2026-10-05,SPY,2026-12-31,87,90
827.0,0.12677261354366925,call,3.76,0,3.0,last,False,0.12171428179053768,1.066725252578682,2026-10-05,SPY,2026-12-31,87,90
828.0,0.12053186669472396,call,3.09,0,47.0,last,False,0.12157603353017021,1.068015125919164,2026-10-05,SPY,2026-12-31,87,90
829.0,0.12006420762592565,call,2.93,0,228.0,last,False,0.1214448244230696,1.069304999259646,2026-10-05,SPY,2026-12-31,87,90
830.0,0.12003030655388051,call,2.81,0,58.0,last,False,0.12132019897147424,1.070594872600128,2026-10-05,SPY,2026-12-31,87,90
831.0,0.11968149610481528,call,2.67,0,2.0,last,False,0.12120238217563249,1.0718847459406102,2026-10-05,SPY,2026-12-31,87,90
832.0,0.12308045486078537,call,2.82,0,1.0,last,False,0.12109103964110614,1.0731746192810923,2026-10-05,SPY,2026-12-31,87,90
833.0,0.12055250996766073,call,2.52,0,70.0,last,False,0.12098607771957214,1.0744644926215743,2026-10-05,SPY,2026-12-31,87,90
834.0,0.12017380651590244,call,2.39,0,3.0,last,False,0.12088754606662155,1.0757543659620563,2026-10-05,SPY,2026-12-31,87,90
835.0,0.11972205364241208,call,2.26,0,82.0,last,False,0.12079518661665649,1.0770442393025386,2026-10-05,SPY,2026-12-31,87,90
836.0,0.11948955030857872,call,2.15,0,1.0,last,False,0.12070924507389563,1.0783341126430206,2026-10-05,SPY,2026-12-31,87,90
837.0,0.11995359317952366,call,2.09,0,1.0,last,False,0.12062943864410228,1.0796239859835026,2026-10-05,SPY,2026-12-31,87,90
838.0,0.11961127688575304,call,1.98,0,0.0,last,False,0.12055586525297819,1.0809138593239846,2026-10-05,SPY,2026-12-31,87,90
839.0,0.11919672330945036,call,1.87,0,2.0,last,False,0.1204885353647671,1.082203732664467,2026-10-05,SPY,2026-12-31,87,90
840.0,0.11870430190278712,call,1.76,0,29.0,last,False,0.12042725725309496,1.083493606004949,2026-10-05,SPY,2026-12-31,87,90
841.0,0.11899015045296456,call,1.7,0,1.0,last,False,0.12037240509684337,1.084783479345431,2026-10-05,SPY,2026-12-31,87,90
842.0,0.12011105895767717,call,1.69,0,1.0,last,False,0.12032363427413698,1.086073352685913,2026-10-05,SPY,2026-12-31,87,90
843.0,0.12625640964824095,call,1.98,0,1.0,last,False,0.12028119509948056,1.087363226026395,2026-10-05,SPY,2026-12-31,87,90
844.0,0.11962583937396176,call,1.52,0,1.0,last,False,0.12024509567070112,1.0886530993668773,2026-10-05,SPY,2026-12-31,87,90
845.0,0.11899480001286106,call,1.42,0,110.0,last,False,0.12021528778018035,1.0899429727073593,2026-10-05,SPY,2026-12-31,87,90
846.0,0.11206491538846637,call,1.03,0,0.0,last,False,0.12019210969707701,1.0912328460478413,2026-10-05,SPY,2026-12-31,87,90
847.0,0.11928765989633516,call,1.31,0,0.0,last,False,0.12017529963080789,1.0925227193883233,2026-10-05,SPY,2026-12-31,87,90
849.0,0.12130925778737486,call,1.29,0,1.0,last,False,0.12016180800934576,1.0951024660692876,2026-10-05,SPY,2026-12-31,87,90
850.0,0.11906422120936554,call,1.13,0,139.0,last,False,0.12016510768710266,1.0963923394097697,2026-10-05,SPY,2026-12-31,87,90
851.0,0.11933759533860072,call,1.09,0,2.0,last,False,0.12017540800849492,1.0976822127502517,2026-10-05,SPY,2026-12-31,87,90
852.0,0.11838326850234038,call,1.0,0,0.0,last,False,0.12019249874934644,1.098972086090734,2026-10-05,SPY,2026-12-31,87,90
853.0,0.11978169970643081,call,1.01,0,0.0,last,False,0.12021683827696475,1.100261959431216,2026-10-05,SPY,2026-12-31,87,90
855.0,0.11850861673555833,call,0.87,0,43.0,last,False,0.1202868326802651,1.10284170611218,2026-10-05,SPY,2026-12-31,87,90
857.0,0.12208147693010624,call,0.92,0,0.0,last,False,0.12038606610110698,1.1054214527931443,2026-10-05,SPY,2026-12-31,87,90
858.0,0.11935036325870713,call,0.78,0,1.0,last,False,0.12044703889923215,1.1067113261336263,2026-10-05,SPY,2026-12-31,87,90
860.0,0.11944016640257,call,0.71,0,8.0,last,False,0.12059144828128579,1.1092910728145906,2026-10-05,SPY,2026-12-31,87,90
862.0,0.11967011990893955,call,0.65,0,1.0,last,False,0.12076657613434415,1.1118708194955547,2026-10-05,SPY,2026-12-31,87,90
863.0,0.12203374714846456,call,0.69,0,10.0,last,False,0.12086596176821747,1.1131606928360367,2026-10-05,SPY,2026-12-31,87,90
864.0,0.1227767711772857,call,0.68,0,0.0,last,False,0.120972984251702,1.114450566176519,2026-10-05,SPY,2026-12-31,87,90
865.0,0.12005631638383736,call,0.57,0,111.0,last,False,0.12108800312931431,1.115740439517001,2026-10-05,SPY,2026-12-31,87,90
866.0,0.11997921660160131,call,0.54,0,3.0,last,False,0.12121086745350719,1.117030312857483,2026-10-05,SPY,2026-12-31,87,90
869.0,0.1142572079457862,call,0.34,0,0.0,last,False,0.12162690135658466,1.1208999328789293,2026-10-05,SPY,2026-12-31,87,90
870.0,0.12124984762788045,call,0.47,0,10.0,last,False,0.12178160150284104,1.1221898062194113,2026-10-05,SPY,2026-12-31,87,90
875.0,0.12156494241763305,call,0.37,0,3.0,last,False,0.12267425687019384,1.1286391729218217,2026-10-05,SPY,2026-12-31,87,90
880.0,0.12736345091045612,call,0.39,0,80.0,last,False,0.12376732865768075,1.135088539624232,2026-10-05,SPY,2026-12-31,87,90
885.0,0.12016379472084841,call,0.2,0,54.0,last,False,0.12506200477282153,1.1415379063266426,2026-10-05,SPY,2026-12-31,87,90
890.0,0.12688912417202725,call,0.23,0,1.0,last,False,0.12655505179968074,1.147987273029053,2026-10-05,SPY,2026-12-31,87,90
895.0,0.12424331989083794,call,0.15,0,11.0,last,False,0.1282315361161125,1.1544366397314634,2026-10-05,SPY,2026-12-31,87,90
900.0,0.13137650157135927,call,0.18,0,137.0,last,False,,1.1608860064338737,2026-10-05,SPY,2026-12-31,87,90
905.0,0.13143889131560274,call,0.14,0,50.0,last,False,,1.167335373136284,2026-10-05,SPY,2026-12-31,87,90
910.0,0.13550340150776322,call,0.14,0,9.0,last,False,,1.1737847398386947,2026-10-05,SPY,2026-12-31,87,90
915.0,0.1370256510250681,call,0.12,0,1.0,last,False,,1.180234106541105,2026-10-05,SPY,2026-12-31,87,90
920.0,0.13473599246989698,call,0.08,0,5.0,last,False,,1.1866834732435154,2026-10-05,SPY,2026-12-31,87,90
925.0,0.14190979839584458,call,0.1,0,2.0,last,False,,1.1931328399459258,2026-10-05,SPY,2026-12-31,87,90
930.0,0.1440410833048235,call,0.09,0,8.0,last,False,,1.1995822066483361,2026-10-05,SPY,2026-12-31,87,90
