strike,call_oi,call_volume,put_oi,put_volume,as_of,ticker,expiry,dte,target_dte
500.0,0.0,0.0,253.0,28.0,2026-10-05,SPY,2026-11-06,32,30
510.0,0.0,0.0,6.0,6.0,2026-10-05,SPY,2026-11-06,32,30
525.0,0.0,0.0,14.0,15.0,2026-10-05,SPY,2026-11-06,32,30
530.0,0.0,0.0,7.0,1.0,2026-10-05,SPY,2026-11-06,32,30
535.0,0.0,0.0,1.0,0.0,2026-10-05,SPY,2026-11-06,32,30
540.0,0.0,0.0,13.0,1.0,2026-10-05,SPY,2026-11-06,32,30
545.0,0.0,0.0,252.0,181.0,2026-10-05,SPY,2026-11-06,32,30
550.0,0.0,0.0,91.0,3.0,2026-10-05,SPY,2026-11-06,32,30
555.0,0.0,0.0,23.0,5.0,2026-10-05,SPY,2026-11-06,32,30
560.0,0.0,0.0,10.0,4.0,2026-10-05,SPY,2026-11-06,32,30
565.0,0.0,0.0,54.0,48.0,2026-10-05,SPY,2026-11-06,32,30
570.0,0.0,0.0,13.0,8.0,2026-10-05,SPY,2026-11-06,32,30
575.0,0.0,0.0,154.0,2.0,2026-10-05,SPY,2026-11-06,32,30
580.0,0.0,0.0,11.0,2.0,2026-10-05,SPY,2026-11-06,32,30
585.0,0.0,0.0,75.0,4.0,2026-10-05,SPY,2026-11-06,32,30
590.0,0.0,0.0,6.0,4.0,2026-10-05,SPY,2026-11-06,32,30
595.0,0.0,0.0,3.0,0.0,2026-10-05,SPY,2026-11-06,32,30
600.0,0.0,0.0,256.0,125.0,2026-10-05,SPY,2026-11-06,32,30
605.0,0.0,0.0,20.0,1.0,2026-10-05,SPY,2026-11-06,32,30
610.0,0.0,0.0,88.0,12.0,2026-10-05,SPY,2026-11-06,32,30
615.0,0.0,0.0,545.0,2.0,2026-10-05,SPY,2026-11-06,32,30
620.0,0.0,0.0,121.0,4.0,2026-10-05,SPY,2026-11-06,32,30
625.0,0.0,0.0,532.0,98.0,2026-10-05,SPY,2026-11-06,32,30
630.0,0.0,0.0,432.0,3.0,2026-10-05,SPY,2026-11-06,32,30
635.0,0.0,0.0,937.0,3.0,2026-10-05,SPY,2026-11-06,32,30
640.0,0.0,2.0,349.0,2.0,2026-10-05,SPY,2026-11-06,32,30
645.0,0.0,0.0,5245.0,2007.0,2026-10-05,SPY,2026-11-06,32,30
650.0,0.0,0.0,8085.0,7.0,2026-10-05,SPY,2026-11-06,32,30
655.0,0.0,0.0,70.0,4.0,2026-10-05,SPY,2026-11-06,32,30
660.0,1.0,0.0,387.0,1.0,2026-10-05,SPY,2026-11-06,32,30
665.0,0.0,0.0,287.0,6.0,2026-10-05,SPY,2026-11-06,32,30
670.0,0.0,0.0,63.0,1.0,2026-10-05,SPY,2026-11-06,32,30
675.0,3.0,0.0,1056.0,18.0,2026-10-05,SPY,2026-11-06,32,30
680.0,12.0,0.0,1085.0,16.0,2026-10-05,SPY,2026-11-06,32,30
685.0,5.0,1.0,326.0,41.0,2026-10-05,SPY,2026-11-06,32,30
690.0,1.0,1.0,481.0,108.0,2026-10-05,SPY,2026-11-06,32,30
695.0,1.0,0.0,649.0,21.0,2026-10-05,SPY,2026-11-06,32,30
700.0,9.0,0.0,11430.0,18.0,2026-10-05,SPY,2026-11-06,32,30
705.0,2.0,1.0,356.0,40.0,2026-10-05,SPY,2026-11-06,32,30
710.0,4.0,0.0,448.0,14.0,2026-10-05,SPY,2026-11-06,32,30
715.0,0.0,0.0,461.0,52.0,2026-10-05,SPY,2026-11-06,32,30
716.0,0.0,0.0,91.0,10.0,2026-10-05,SPY,2026-11-06,32,30
717.0,0.0,0.0,63.0,3.0,2026-10-05,SPY,2026-11-06,32,30
718.0,4.0,4.0,186.0,6.0,2026-10-05,SPY,2026-11-06,32,30
719.0,3.0,0.0,59.0,8.0,2026-10-05,SPY,2026-11-06,32,30
720.0,0.0,0.0,577.0,89.0,2026-10-05,SPY,2026-11-06,32,30
721.0,1.0,0.0,121.0,2.0,2026-10-05,SPY,2026-11-06,32,30
722.0,1.0,0.0,211.0,3.0,2026-10-05,SPY,2026-11-06,32,30
723.0,3.0,0.0,101.0,3.0,2026-10-05,SPY,2026-11-06,32,30
724.0,12.0,0.0,303.0,1.0,2026-10-05,SPY,2026-11-06,32,30
725.0,5.0,2.0,3157.0,16.0,2026-10-05,SPY,2026-11-06,32,30
726.0,1.0,0.0,96.0,5.0,2026-10-05,SPY,2026-11-06,32,30
727.0,1.0,0.0,260.0,12.0,2026-10-05,SPY,2026-11-06,32,30
728.0,1.0,0.0,199.0,11.0,2026-10-05,SPY,2026-11-06,32,30
729.0,1.0,1.0,289.0,17.0,2026-10-05,SPY,2026-11-06,32,30
730.0,25.0,1.0,2129.0,42.0,2026-10-05,SPY,2026-11-06,32,30
731.0,2.0,0.0,294.0,29.0,2026-10-05,SPY,2026-11-06,32,30
732.0,0.0,0.0,245.0,17.0,2026-10-05,SPY,2026-11-06,32,30
733.0,2.0,0.0,212.0,32.0,2026-10-05,SPY,2026-11-06,32,30
734.0,10.0,0.0,343.0,25.0,2026-10-05,SPY,2026-11-06,32,30
735.0,11.0,2.0,945.0,42.0,2026-10-05,SPY,2026-11-06,32,30
736.0,2.0,0.0,105.0,9.0,2026-10-05,SPY,2026-11-06,32,30
737.0,1.0,1.0,86.0,5.0,2026-10-05,SPY,2026-11-06,32,30
738.0,7.0,8.0,113.0,16.0,2026-10-05,SPY,2026-11-06,32,30
739.0,27.0,0.0,88.0,36.0,2026-10-05,SPY,2026-11-06,32,30
740.0,44.0,11.0,1347.0,29.0,2026-10-05,SPY,2026-11-06,32,30
741.0,7.0,0.0,133.0,1.0,2026-10-05,SPY,2026-11-06,32,30
742.0,3.0,0.0,75.0,39.0,2026-10-05,SPY,2026-11-06,32,30
743.0,15.0,0.0,108.0,26.0,2026-10-05,SPY,2026-11-06,32,30
744.0,12.0,0.0,254.0,8.0,2026-10-05,SPY,2026-11-06,32,30
745.0,116.0,17.0,495.0,28.0,2026-10-05,SPY,2026-11-06,32,30
746.0,3.0,0.0,297.0,3.0,2026-10-05,SPY,2026-11-06,32,30
747.0,2.0,1.0,120.0,36.0,2026-10-05,SPY,2026-11-06,32,30
748.0,2.0,0.0,422.0,3.0,2026-10-05,SPY,2026-11-06,32,30
749.0,1.0,1.0,96.0,30.0,2026-10-05,SPY,2026-11-06,32,30
750.0,63.0,4.0,6791.0,5055.0,2026-10-05,SPY,2026-11-06,32,30
751.0,3.0,0.0,62.0,33.0,2026-10-05,SPY,2026-11-06,32,30
752.0,9.0,2.0,79.0,8.0,2026-10-05,SPY,2026-11-06,32,30
753.0,6.0,2.0,168.0,12.0,2026-10-05,SPY,2026-11-06,32,30
754.0,13.0,0.0,72.0,1.0,2026-10-05,SPY,2026-11-06,32,30
755.0,75.0,4.0,402.0,135.0,2026-10-05,SPY,2026-11-06,32,30
756.0,5.0,7.0,138.0,2.0,2026-10-05,SPY,2026-11-06,32,30
757.0,26.0,1.0,290.0,3.0,2026-10-05,SPY,2026-11-06,32,30
758.0,16.0,1.0,598.0,10.0,2026-10-05,SPY,2026-11-06,32,30
759.0,14.0,7.0,165.0,11.0,2026-10-05,SPY,2026-11-06,32,30
760.0,1010.0,2.0,869.0,70.0,2026-10-05,SPY,2026-11-06,32,30
761.0,846.0,30.0,369.0,3.0,2026-10-05,SPY,2026-11-06,32,30
762.0,133.0,1.0,72.0,3.0,2026-10-05,SPY,2026-11-06,32,30
763.0,169.0,2.0,453.0,85.0,2026-10-05,SPY,2026-11-06,32,30
764.0,203.0,2.0,193.0,122.0,2026-10-05,SPY,2026-11-06,32,30
765.0,481.0,24.0,1384.0,69.0,2026-10-05,SPY,2026-11-06,32,30
766.0,82.0,5.0,179.0,6.0,2026-10-05,SPY,2026-11-06,32,30
767.0,371.0,6.0,200.0,3.0,2026-10-05,SPY,2026-11-06,32,30
768.0,124.0,6.0,351.0,24.0,2026-10-05,SPY,2026-11-06,32,30
769.0,176.0,64.0,261.0,18.0,2026-10-05,SPY,2026-11-06,32,30
770.0,1123.0,67.0,508.0,133.0,2026-10-05,SPY,2026-11-06,32,30
771.0,76.0,32.0,96.0,75.0,2026-10-05,SPY,2026-11-06,32,30
772.0,198.0,162.0,77.0,30.0,2026-10-05,SPY,2026-11-06,32,30
773.0,1676.0,272.0,59.0,43.0,2026-10-05,SPY,2026-11-06,32,30
774.0,95.0,5.0,94.0,12.0,2026-10-05,SPY,2026-11-06,32,30
775.0,1131.0,65.0,79.0,22.0,2026-10-05,SPY,2026-11-06,32,30
776.0,149.0,12.0,17.0,1.0,2026-10-05,SPY,2026-11-06,32,30
777.0,158.0,25.0,4.0,1.0,2026-10-05,SPY,2026-11-06,32,30
778.0,197.0,9.0,163.0,9.0,2026-10-05,SPY,2026-11-06,32,30
779.0,317.0,2.0,3.0,3.0,2026-10-05,SPY,2026-11-06,32,30
780.0,418.0,261.0,33.0,6.0,2026-10-05,SPY,2026-11-06,32,30
781.0,58.0,4.0,7.0,0.0,2026-10-05,SPY,2026-11-06,32,30
782.0,68.0,1.0,4.0,3.0,2026-10-05,SPY,2026-11-06,32,30
783.0,37.0,2.0,2.0,0.0,2026-10-05,SPY,2026-11-06,32,30
784.0,183.0,3.0,2.0,2.0,2026-10-05,SPY,2026-11-06,32,30
785.0,299.0,20.0,6.0,2.0,2026-10-05,SPY,2026-11-06,32,30
786.0,84.0,3.0,2.0,2.0,2026-10-05,SPY,2026-11-06,32,30
787.0,174.0,45.0,1.0,1.0,2026-10-05,SPY,2026-11-06,32,30
788.0,307.0,2.0,0.0,0.0,2026-10-05,SPY,2026-11-06,32,30
789.0,69.0,36.0,0.0,0.0,2026-10-05,SPY,2026-11-06,32,30
790.0,373.0,89.0,28.0,34.0,2026-10-05,SPY,2026-11-06,32,30
791.0,209.0,5.0,0.0,0.0,2026-10-05,SPY,2026-11-06,32,30
792.0,155.0,1.0,0.0,0.0,2026-10-05,SPY,2026-11-06,32,30
793.0,2206.0,3.0,0.0,0.0,2026-10-05,SPY,2026-11-06,32,30
794.0,95.0,9.0,0.0,0.0,2026-10-05,SPY,2026-11-06,32,30
795.0,709.0,13.0,66.0,56.0,2026-10-05,SPY,2026-11-06,32,30
796.0,158.0,2.0,50.0,50.0,2026-10-05,SPY,2026-11-06,32,30
797.0,164.0,8.0,0.0,0.0,2026-10-05,SPY,2026-11-06,32,30
798.0,132.0,4.0,0.0,0.0,2026-10-05,SPY,2026-11-06,32,30
799.0,183.0,2.0,0.0,0.0,2026-10-05,SPY,2026-11-06,32,30
800.0,1296.0,135.0,6.0,8.0,2026-10-05,SPY,2026-11-06,32,30
801.0,150.0,1.0,0.0,0.0,2026-10-05,SPY,2026-11-06,32,30
802.0,232.0,26.0,0.0,0.0,2026-10-05,SPY,2026-11-06,32,30
803.0,120.0,2.0,0.0,0.0,2026-10-05,SPY,2026-11-06,32,30
804.0,483.0,7.0,0.0,0.0,2026-10-05,SPY,2026-11-06,32,30
805.0,474.0,47.0,0.0,0.0,2026-10-05,SPY,2026-11-06,32,30
806.0,65.0,1.0,0.0,1.0,2026-10-05,SPY,2026-11-06,32,30
807.0,47.0,76.0,0.0,0.0,2026-10-05,SPY,2026-11-06,32,30
808.0,157.0,42.0,0.0,0.0,2026-10-05,SPY,2026-11-06,32,30
809.0,515.0,9.0,0.0,0.0,2026-10-05,SPY,2026-11-06,32,30
810.0,527.0,51.0,0.0,0.0,2026-10-05,SPY,2026-11-06,32,30
811.0,312.0,2.0,0.0,1.0,2026-10-05,SPY,2026-11-06,32,30
812.0,78.0,2.0,0.0,3.0,2026-10-05,SPY,2026-11-06,32,30
813.0,34.0,27.0,0.0,0.0,2026-10-05,SPY,2026-11-06,32,30
814.0,40.0,28.0,0.0,0.0,2026-10-05,SPY,2026-11-06,32,30
815.0,721.0,58.0,0.0,0.0,2026-10-05,SPY,2026-11-06,32,30
820.0,245.0,8.0,0.0,0.0,2026-10-05,SPY,2026-11-06,32,30
825.0,219.0,50.0,0.0,0.0,2026-10-05,SPY,2026-11-06,32,30
830.0,34.0,6.0,0.0,0.0,2026-10-05,SPY,2026-11-06,32,30
835.0,150.0,4.0,0.0,0.0,2026-10-05,SPY,2026-11-06,32,30
840.0,24.0,8.0,0.0,0.0,2026-10-05,SPY,2026-11-06,32,30
845.0,6.0,1.0,0.0,0.0,2026-10-05,SPY,2026-11-06,32,30
850.0,196.0,22.0,0.0,0.0,2026-10-05,SPY,2026-11-06,32,30
855.0,134.0,109.0,0.0,0.0,2026-10-05,SPY,2026-11-06,32,30
860.0,49.0,1.0,0.0,0.0,2026-10-05,SPY,2026-11-06,32,30
865.0,50.0,1.0,0.0,0.0,2026-10-05,SPY,2026-11-06,32,30
870.0,51.0,48.0,0.0,0.0,2026-10-05,SPY,2026-11-06,32,30
875.0,43.0,2.0,0.0,0.0,2026-10-05,SPY,2026-11-06,32,30
880.0,194.0,99.0,0.0,0.0,2026-10-05,SPY,2026-11-06,32,30
885.0,76.0,12.0,0.0,0.0,2026-10-05,SPY,2026-11-06,32,30
890.0,12.0,0.0,0.0,0.0,2026-10-05,SPY,2026-11-06,32,30
895.0,10.0,0.0,0.0,0.0,2026-10-05,SPY,2026-11-06,32,30
900.0,3.0,1.0,0.0,0.0,2026-10-05,SPY,2026-11-06,32,30
905.0,15.0,40.0,0.0,0.0,2026-10-05,SPY,2026-11-06,32,30
475.0,0.0,2.0,1183.0,1.0,2026-10-05,SPY,2026-11-30,56,60
480.0,29.0,29.0,64.0,1.0,2026-10-05,SPY,2026-11-30,56,60
485.0,0.0,0.0,269.0,109.0,2026-10-05,SPY,2026-11-30,56,60
490.0,0.0,0.0,178.0,42.0,2026-10-05,SPY,2026-11-30,56,60
495.0,0.0,0.0,139.0,5.0,2026-10-05,SPY,2026-11-30,56,60
500.0,1.0,1.0,494.0,4.0,2026-10-05,SPY,2026-11-30,56,60
505.0,0.0,0.0,120.0,1.0,2026-10-05,SPY,2026-11-30,56,60
510.0,0.0,0.0,503.0,3.0,2026-10-05,SPY,2026-11-30,56,60
515.0,0.0,0.0,90.0,32.0,2026-10-05,SPY,2026-11-30,56,60
520.0,8.0,2.0,49.0,2.0,2026-10-05,SPY,2026-11-30,56,60
525.0,0.0,0.0,367.0,2.0,2026-10-05,SPY,2026-11-30,56,60
530.0,0.0,0.0,585.0,5.0,2026-10-05,SPY,2026-11-30,56,60
535.0,0.0,0.0,463.0,3.0,2026-10-05,SPY,2026-11-30,56,60
540.0,0.0,0.0,502.0,15.0,2026-10-05,SPY,2026-11-30,56,60
545.0,31.0,27.0,485.0,9.0,2026-10-05,SPY,2026-11-30,56,60
550.0,4.0,2.0,1316.0,104.0,2026-10-05,SPY,2026-11-30,56,60
555.0,5.0,4.0,758.0,1.0,2026-10-05,SPY,2026-11-30,56,60
560.0,3.0,1.0,964.0,2.0,2026-10-05,SPY,2026-11-30,56,60
565.0,0.0,0.0,883.0,9.0,2026-10-05,SPY,2026-11-30,56,60
570.0,1.0,2.0,1080.0,60.0,2026-10-05,SPY,2026-11-30,56,60
575.0,2.0,1.0,881.0,1.0,2026-10-05,SPY,2026-11-30,56,60
580.0,15.0,4.0,2834.0,7.0,2026-10-05,SPY,2026-11-30,56,60
581.0,0.0,0.0,18.0,18.0,2026-10-05,SPY,2026-11-30,56,60
582.0,0.0,0.0,18.0,1.0,2026-10-05,SPY,2026-11-30,56,60
584.0,11.0,11.0,200.0,0.0,2026-10-05,SPY,2026-11-30,56,60
585.0,8.0,1.0,1501.0,1.0,2026-10-05,SPY,2026-11-30,56,60
586.0,0.0,0.0,2.0,1.0,2026-10-05,SPY,2026-11-30,56,60
587.0,0.0,0.0,1.0,1.0,2026-10-05,SPY,2026-11-30,56,60
588.0,0.0,0.0,1.0,1.0,2026-10-05,SPY,2026-11-30,56,60
589.0,0.0,0.0,2.0,2.0,2026-10-05,SPY,2026-11-30,56,60
590.0,0.0,0.0,564.0,1.0,2026-10-05,SPY,2026-11-30,56,60
591.0,4.0,0.0,23.0,2.0,2026-10-05,SPY,2026-11-30,56,60
592.0,1.0,0.0,2.0,2.0,2026-10-05,SPY,2026-11-30,56,60
593.0,0.0,0.0,12.0,5.0,2026-10-05,SPY,2026-11-30,56,60
595.0,2.0,1.0,597.0,2.0,2026-10-05,SPY,2026-11-30,56,60
596.0,0.0,0.0,16.0,10.0,2026-10-05,SPY,2026-11-30,56,60
598.0,1.0,0.0,672.0,3.0,2026-10-05,SPY,2026-11-30,56,60
599.0,0.0,0.0,11.0,7.0,2026-10-05,SPY,2026-11-30,56,60
600.0,21.0,10.0,1293.0,10.0,2026-10-05,SPY,2026-11-30,56,60
601.0,0.0,0.0,3.0,1.0,2026-10-05,SPY,2026-11-30,56,60
602.0,0.0,0.0,34.0,0.0,2026-10-05,SPY,2026-11-30,56,60
603.0,0.0,0.0,22.0,3.0,2026-10-05,SPY,2026-11-30,56,60
604.0,0.0,0.0,1.0,0.0,2026-10-05,SPY,2026-11-30,56,60
605.0,8.0,1.0,1072.0,60.0,2026-10-05,SPY,2026-11-30,56,60
606.0,0.0,0.0,57.0,4.0,2026-10-05,SPY,2026-11-30,56,60
607.0,0.0,0.0,13.0,1.0,2026-10-05,SPY,2026-11-30,56,60
608.0,0.0,0.0,361.0,360.0,2026-10-05,SPY,2026-11-30,56,60
609.0,15.0,2.0,215.0,5.0,2026-10-05,SPY,2026-11-30,56,60
610.0,0.0,0.0,1186.0,10.0,2026-10-05,SPY,2026-11-30,56,60
611.0,0.0,0.0,27.0,20.0,2026-10-05,SPY,2026-11-30,56,60
612.0,0.0,0.0,20711.0,87.0,2026-10-05,SPY,2026-11-30,56,60
614.0,0.0,0.0,6.0,3.0,2026-10-05,SPY,2026-11-30,56,60
615.0,4.0,2.0,798.0,4.0,2026-10-05,SPY,2026-11-30,56,60
616.0,0.0,0.0,128.0,2.0,2026-10-05,SPY,2026-11-30,56,60
617.0,0.0,0.0,2.0,1.0,2026-10-05,SPY,2026-11-30,56,60
618.0,0.0,0.0,63.0,28.0,2026-10-05,SPY,2026-11-30,56,60
619.0,0.0,0.0,156.0,148.0,2026-10-05,SPY,2026-11-30,56,60
620.0,12.0,1.0,696.0,3.0,2026-10-05,SPY,2026-11-30,56,60
621.0,0.0,0.0,3.0,0.0,2026-10-05,SPY,2026-11-30,56,60
622.0,1.0,0.0,4.0,2.0,2026-10-05,SPY,2026-11-30,56,60
623.0,0.0,0.0,1.0,2.0,2026-10-05,SPY,2026-11-30,56,60
624.0,0.0,0.0,102.0,4.0,2026-10-05,SPY,2026-11-30,56,60
625.0,1.0,1.0,732.0,75.0,2026-10-05,SPY,2026-11-30,56,60
626.0,0.0,0.0,25.0,40.0,2026-10-05,SPY,2026-11-30,56,60
627.0,0.0,0.0,56.0,39.0,2026-10-05,SPY,2026-11-30,56,60
628.0,0.0,0.0,9.0,1.0,2026-10-05,SPY,2026-11-30,56,60
630.0,5.0,2.0,448.0,1.0,2026-10-05,SPY,2026-11-30,56,60
631.0,0.0,0.0,534.0,2.0,2026-10-05,SPY,2026-11-30,56,60
632.0,0.0,0.0,5.0,2.0,2026-10-05,SPY,2026-11-30,56,60
633.0,0.0,0.0,11.0,2.0,2026-10-05,SPY,2026-11-30,56,60
634.0,0.0,0.0,261.0,4.0,2026-10-05,SPY,2026-11-30,56,60
635.0,3.0,1.0,216.0,2.0,2026-10-05,SPY,2026-11-30,56,60
636.0,0.0,0.0,135.0,1.0,2026-10-05,SPY,2026-11-30,56,60
637.0,1.0,0.0,203.0,103.0,2026-10-05,SPY,2026-11-30,56,60
638.0,0.0,0.0,48.0,3.0,2026-10-05,SPY,2026-11-30,56,60
639.0,0.0,0.0,30.0,3.0,2026-10-05,SPY,2026-11-30,56,60
640.0,165.0,1.0,518.0,1.0,2026-10-05,SPY,2026-11-30,56,60
641.0,0.0,0.0,9.0,1.0,2026-10-05,SPY,2026-11-30,56,60
642.0,0.0,0.0,121.0,100.0,2026-10-05,SPY,2026-11-30,56,60
643.0,0.0,0.0,20.0,18.0,2026-10-05,SPY,2026-11-30,56,60
644.0,0.0,0.0,5.0,1.0,2026-10-05,SPY,2026-11-30,56,60
645.0,16.0,1.0,74.0,2.0,2026-10-05,SPY,2026-11-30,56,60
646.0,0.0,0.0,55.0,2.0,2026-10-05,SPY,2026-11-30,56,60
647.0,0.0,0.0,372.0,1.0,2026-10-05,SPY,2026-11-30,56,60
648.0,0.0,0.0,26.0,6.0,2026-10-05,SPY,2026-11-30,56,60
649.0,0.0,0.0,64.0,1.0,2026-10-05,SPY,2026-11-30,56,60
650.0,14.0,1.0,494.0,1.0,2026-10-05,SPY,2026-11-30,56,60
651.0,0.0,0.0,66.0,42.0,2026-10-05,SPY,2026-11-30,56,60
652.0,0.0,0.0,210.0,4.0,2026-10-05,SPY,2026-11-30,56,60
653.0,0.0,0.0,268.0,2.0,2026-10-05,SPY,2026-11-30,56,60
654.0,0.0,0.0,3.0,1.0,2026-10-05,SPY,2026-11-30,56,60
655.0,855.0,2.0,770.0,6.0,2026-10-05,SPY,2026-11-30,56,60
656.0,0.0,0.0,7.0,1.0,2026-10-05,SPY,2026-11-30,56,60
657.0,0.0,0.0,12.0,2.0,2026-10-05,SPY,2026-11-30,56,60
658.0,23.0,0.0,129.0,2.0,2026-10-05,SPY,2026-11-30,56,60
659.0,0.0,0.0,59.0,1.0,2026-10-05,SPY,2026-11-30,56,60
660.0,981.0,1.0,1897.0,12.0,2026-10-05,SPY,2026-11-30,56,60
661.0,0.0,0.0,386.0,2.0,2026-10-05,SPY,2026-11-30,56,60
662.0,0.0,0.0,1.0,1.0,2026-10-05,SPY,2026-11-30,56,60
663.0,0.0,0.0,335.0,2.0,2026-10-05,SPY,2026-11-30,56,60
664.0,0.0,0.0,280.0,2.0,2026-10-05,SPY,2026-11-30,56,60
665.0,1606.0,321.0,841.0,170.0,2026-10-05,SPY,2026-11-30,56,60
666.0,2.0,1.0,17.0,1.0,2026-10-05,SPY,2026-11-30,56,60
667.0,0.0,0.0,242.0,30.0,2026-10-05,SPY,2026-11-30,56,60
668.0,1.0,0.0,225.0,1.0,2026-10-05,SPY,2026-11-30,56,60
669.0,0.0,0.0,47.0,1.0,2026-10-05,SPY,2026-11-30,56,60
670.0,1377.0,86.0,948.0,29.0,2026-10-05,SPY,2026-11-30,56,60
671.0,0.0,0.0,85.0,85.0,2026-10-05,SPY,2026-11-30,56,60
672.0,1.0,2.0,226.0,1.0,2026-10-05,SPY,2026-11-30,56,60
673.0,332.0,16.0,163.0,4.0,2026-10-05,SPY,2026-11-30,56,60
674.0,108.0,7.0,235.0,2.0,2026-10-05,SPY,2026-11-30,56,60
675.0,209.0,1.0,974.0,108.0,2026-10-05,SPY,2026-11-30,56,60
676.0,0.0,16.0,142.0,5.0,2026-10-05,SPY,2026-11-30,56,60
677.0,1.0,0.0,212.0,69.0,2026-10-05,SPY,2026-11-30,56,60
678.0,127.0,1.0,185.0,2.0,2026-10-05,SPY,2026-11-30,56,60
679.0,110.0,4.0,736.0,1.0,2026-10-05,SPY,2026-11-30,56,60
680.0,96.0,1.0,886.0,724.0,2026-10-05,SPY,2026-11-30,56,60
681.0,32.0,2.0,481.0,1.0,2026-10-05,SPY,2026-11-30,56,60
682.0,0.0,8.0,65.0,14.0,2026-10-05,SPY,2026-11-30,56,60
683.0,40.0,4.0,301.0,5.0,2026-10-05,SPY,2026-11-30,56,60
684.0,0.0,56.0,18834.0,1.0,2026-10-05,SPY,2026-11-30,56,60
685.0,28.0,1.0,4350.0,3.0,2026-10-05,SPY,2026-11-30,56,60
686.0,0.0,4.0,260.0,8.0,2026-10-05,SPY,2026-11-30,56,60
687.0,0.0,19.0,79.0,2.0,2026-10-05,SPY,2026-11-30,56,60
688.0,33.0,1.0,290.0,1.0,2026-10-05,SPY,2026-11-30,56,60
689.0,0.0,14.0,270.0,1.0,2026-10-05,SPY,2026-11-30,56,60
690.0,30.0,1.0,617.0,2.0,2026-10-05,SPY,2026-11-30,56,60
691.0,52.0,3.0,81.0,1.0,2026-10-05,SPY,2026-11-30,56,60
692.0,0.0,4.0,901.0,2.0,2026-10-05,SPY,2026-11-30,56,60
693.0,197.0,1.0,1451.0,1.0,2026-10-05,SPY,2026-11-30,56,60
694.0,14.0,4.0,93.0,2.0,2026-10-05,SPY,2026-11-30,56,60
695.0,17.0,1.0,606.0,45.0,2026-10-05,SPY,2026-11-30,56,60
696.0,102.0,3.0,96.0,5.0,2026-10-05,SPY,2026-11-30,56,60
697.0,0.0,10.0,179.0,8.0,2026-10-05,SPY,2026-11-30,56,60
698.0,17.0,3.0,265.0,2.0,2026-10-05,SPY,2026-11-30,56,60
699.0,127.0,1.0,96.0,21.0,2026-10-05,SPY,2026-11-30,56,60
700.0,317.0,9.0,9886.0,3.0,2026-10-05,SPY,2026-11-30,56,60
701.0,21.0,3.0,983.0,1.0,2026-10-05,SPY,2026-11-30,56,60
702.0,0.0,24.0,153.0,3.0,2026-10-05,SPY,2026-11-30,56,60
703.0,23.0,4.0,24.0,2.0,2026-10-05,SPY,2026-11-30,56,60
704.0,0.0,1.0,292.0,1.0,2026-10-05,SPY,2026-11-30,56,60
705.0,278.0,1.0,2024.0,2.0,2026-10-05,SPY,2026-11-30,56,60
706.0,41.0,1.0,253.0,3.0,2026-10-05,SPY,2026-11-30,56,60
707.0,42.0,3.0,197.0,2.0,2026-10-05,SPY,2026-11-30,56,60
708.0,12.0,4.0,53.0,3.0,2026-10-05,SPY,2026-11-30,56,60
709.0,22.0,1.0,471.0,2.0,2026-10-05,SPY,2026-11-30,56,60
710.0,106.0,1.0,559.0,3.0,2026-10-05,SPY,2026-11-30,56,60
711.0,14.0,5.0,269.0,1.0,2026-10-05,SPY,2026-11-30,56,60
712.0,0.0,4.0,1267.0,2.0,2026-10-05,SPY,2026-11-30,56,60
713.0,26.0,1.0,212.0,21.0,2026-10-05,SPY,2026-11-30,56,60
714.0,11.0,1.0,416.0,36.0,2026-10-05,SPY,2026-11-30,56,60
715.0,156.0,1.0,477.0,1.0,2026-10-05,SPY,2026-11-30,56,60
716.0,157.0,2.0,195.0,1.0,2026-10-05,SPY,2026-11-30,56,60
717.0,85.0,1.0,242.0,1.0,2026-10-05,SPY,2026-11-30,56,60
718.0,59.0,1.0,1616.0,3.0,2026-10-05,SPY,2026-11-30,56,60
719.0,16.0,4.0,186.0,23.0,2026-10-05,SPY,2026-11-30,56,60
720.0,402.0,2.0,2800.0,32.0,2026-10-05,SPY,2026-11-30,56,60
721.0,21.0,5.0,233.0,4.0,2026-10-05,SPY,2026-11-30,56,60
722.0,25.0,1.0,145.0,9.0,2026-10-05,SPY,2026-11-30,56,60
723.0,1.0,1.0,315.0,1.0,2026-10-05,SPY,2026-11-30,56,60
724.0,175.0,4.0,407.0,4.0,2026-10-05,SPY,2026-11-30,56,60
725.0,241.0,1.0,4557.0,3.0,2026-10-05,SPY,2026-11-30,56,60
726.0,213.0,2.0,659.0,1.0,2026-10-05,SPY,2026-11-30,56,60
727.0,10.0,1.0,21024.0,2.0,2026-10-05,SPY,2026-11-30,56,60
728.0,232.0,5.0,826.0,1.0,2026-10-05,SPY,2026-11-30,56,60
729.0,30.0,2.0,637.0,3.0,2026-10-05,SPY,2026-11-30,56,60
730.0,667.0,1.0,1365.0,40.0,2026-10-05,SPY,2026-11-30,56,60
731.0,74.0,2.0,118.0,19.0,2026-10-05,SPY,2026-11-30,56,60
732.0,351.0,30.0,108.0,2.0,2026-10-05,SPY,2026-11-30,56,60
733.0,205.0,5.0,533.0,12.0,2026-10-05,SPY,2026-11-30,56,60
734.0,54.0,10.0,128.0,2.0,2026-10-05,SPY,2026-11-30,56,60
735.0,896.0,1.0,6205.0,18.0,2026-10-05,SPY,2026-11-30,56,60
736.0,276.0,1.0,413.0,1.0,2026-10-05,SPY,2026-11-30,56,60
737.0,368.0,2.0,400.0,15.0,2026-10-05,SPY,2026-11-30,56,60
738.0,93.0,2.0,491.0,127.0,2026-10-05,SPY,2026-11-30,56,60
739.0,98.0,1.0,481.0,119.0,2026-10-05,SPY,2026-11-30,56,60
740.0,555.0,13.0,2686.0,25.0,2026-10-05,SPY,2026-11-30,56,60
741.0,165.0,1.0,255.0,1.0,2026-10-05,SPY,2026-11-30,56,60
742.0,105.0,3.0,672.0,8.0,2026-10-05,SPY,2026-11-30,56,60
743.0,256.0,2.0,378.0,1.0,2026-10-05,SPY,2026-11-30,56,60
744.0,514.0,5.0,650.0,8.0,2026-10-05,SPY,2026-11-30,56,60
745.0,595.0,1.0,1730.0,50.0,2026-10-05,SPY,2026-11-30,56,60
746.0,509.0,1.0,1085.0,48.0,2026-10-05,SPY,2026-11-30,56,60
747.0,710.0,1.0,244.0,1.0,2026-10-05,SPY,2026-11-30,56,60
748.0,103.0,3.0,520.0,1.0,2026-10-05,SPY,2026-11-30,56,60
749.0,157.0,21.0,453.0,99.0,2026-10-05,SPY,2026-11-30,56,60
750.0,821.0,1.0,3817.0,25.0,2026-10-05,SPY,2026-11-30,56,60
751.0,216.0,1.0,297.0,100.0,2026-10-05,SPY,2026-11-30,56,60
752.0,196.0,6.0,443.0,1.0,2026-10-05,SPY,2026-11-30,56,60
753.0,278.0,2.0,94.0,16.0,2026-10-05,SPY,2026-11-30,56,60
754.0,152.0,3.0,147.0,2.0,2026-10-05,SPY,2026-11-30,56,60
755.0,327.0,2.0,693.0,5.0,2026-10-05,SPY,2026-11-30,56,60
756.0,374.0,4.0,102.0,23.0,2026-10-05,SPY,2026-11-30,56,60
757.0,225.0,1.0,361.0,8.0,2026-10-05,SPY,2026-11-30,56,60
758.0,2051.0,16.0,258.0,2.0,2026-10-05,SPY,2026-11-30,56,60
759.0,203.0,2.0,293.0,44.0,2026-10-05,SPY,2026-11-30,56,60
760.0,2683.0,8.0,2640.0,29.0,2026-10-05,SPY,2026-11-30,56,60
761.0,334.0,6.0,1194.0,51.0,2026-10-05,SPY,2026-11-30,56,60
762.0,585.0,6.0,486.0,2.0,2026-10-05,SPY,2026-11-30,56,60
763.0,865.0,2.0,172.0,1.0,2026-10-05,SPY,2026-11-30,56,60
764.0,527.0,2.0,121.0,135.0,2026-10-05,SPY,2026-11-30,56,60
765.0,1216.0,13.0,747.0,66.0,2026-10-05,SPY,2026-11-30,56,60
766.0,351.0,80.0,699.0,11.0,2026-10-05,SPY,2026-11-30,56,60
767.0,335.0,4.0,591.0,22.0,2026-10-05,SPY,2026-11-30,56,60
768.0,639.0,2.0,470.0,6.0,2026-10-05,SPY,2026-11-30,56,60
769.0,426.0,1.0,955.0,16.0,2026-10-05,SPY,2026-11-30,56,60
770.0,1571.0,37.0,1701.0,145.0,2026-10-05,SPY,2026-11-30,56,60
771.0,551.0,58.0,357.0,2.0,2026-10-05,SPY,2026-11-30,56,60
772.0,928.0,23.0,208.0,32.0,2026-10-05,SPY,2026-11-30,56,60
773.0,1167.0,15.0,542.0,2.0,2026-10-05,SPY,2026-11-30,56,60
774.0,499.0,1.0,427.0,4.0,2026-10-05,SPY,2026-11-30,56,60
775.0,1012.0,9.0,1460.0,7.0,2026-10-05,SPY,2026-11-30,56,60
776.0,543.0,33.0,426.0,340.0,2026-10-05,SPY,2026-11-30,56,60
777.0,623.0,70.0,189.0,1.0,2026-10-05,SPY,2026-11-30,56,60
778.0,626.0,33.0,158.0,1.0,2026-10-05,SPY,2026-11-30,56,60
779.0,1229.0,49.0,812.0,5.0,2026-10-05,SPY,2026-11-30,56,60
780.0,3932.0,56.0,861.0,6.0,2026-10-05,SPY,2026-11-30,56,60
781.0,712.0,136.0,624.0,2.0,2026-10-05,SPY,2026-11-30,56,60
782.0,496.0,13.0,370.0,22.0,2026-10-05,SPY,2026-11-30,56,60
783.0,559.0,6.0,178.0,10.0,2026-10-05,SPY,2026-11-30,56,60
784.0,128.0,5.0,473.0,10.0,2026-10-05,SPY,2026-11-30,56,60
785.0,1018.0,22.0,390.0,115.0,2026-10-05,SPY,2026-11-30,56,60
786.0,308.0,6.0,67.0,2.0,2026-10-05,SPY,2026-11-30,56,60
787.0,263.0,7.0,2.0,1.0,2026-10-05,SPY,2026-11-30,56,60
788.0,338.0,7.0,249.0,18.0,2026-10-05,SPY,2026-11-30,56,60
789.0,1385.0,4.0,32.0,31.0,2026-10-05,SPY,2026-11-30,56,60
790.0,2651.0,14.0,290.0,20.0,2026-10-05,SPY,2026-11-30,56,60
791.0,502.0,1.0,2.0,1.0,2026-10-05,SPY,2026-11-30,56,60
792.0,173.0,16.0,6.0,1.0,2026-10-05,SPY,2026-11-30,56,60
793.0,662.0,1.0,0.0,0.0,2026-10-05,SPY,2026-11-30,56,60
794.0,213.0,68.0,25.0,3.0,2026-10-05,SPY,2026-11-30,56,60
795.0,1017.0,31.0,67.0,1.0,2026-10-05,SPY,2026-11-30,56,60
796.0,304.0,70.0,12.0,1.0,2026-10-05,SPY,2026-11-30,56,60
797.0,382.0,2.0,0.0,0.0,2026-10-05,SPY,2026-11-30,56,60
798.0,107.0,4.0,0.0,0.0,2026-10-05,SPY,2026-11-30,56,60
799.0,402.0,5.0,0.0,0.0,2026-10-05,SPY,2026-11-30,56,60
800.0,2511.0,94.0,47.0,27.0,2026-10-05,SPY,2026-11-30,56,60
801.0,546.0,5.0,2.0,1.0,2026-10-05,SPY,2026-11-30,56,60
802.0,891.0,25.0,0.0,0.0,2026-10-05,SPY,2026-11-30,56,60
803.0,411.0,218.0,0.0,0.0,2026-10-05,SPY,2026-11-30,56,60
804.0,182.0,1.0,0.0,0.0,2026-10-05,SPY,2026-11-30,56,60
805.0,416.0,13.0,7.0,1.0,2026-10-05,SPY,2026-11-30,56,60
806.0,21115.0,4.0,0.0,0.0,2026-10-05,SPY,2026-11-30,56,60
807.0,468.0,2.0,1.0,0.0,2026-10-05,SPY,2026-11-30,56,60
808.0,1351.0,1.0,0.0,0.0,2026-10-05,SPY,2026-11-30,56,60
809.0,443.0,75.0,0.0,0.0,2026-10-05,SPY,2026-11-30,56,60
810.0,644.0,12.0,2.0,1.0,2026-10-05,SPY,2026-11-30,56,60
811.0,650.0,2.0,0.0,0.0,2026-10-05,SPY,2026-11-30,56,60
812.0,1776.0,34.0,0.0,0.0,2026-10-05,SPY,2026-11-30,56,60
813.0,143.0,3.0,0.0,2.0,2026-10-05,SPY,2026-11-30,56,60
814.0,199.0,1.0,0.0,0.0,2026-10-05,SPY,2026-11-30,56,60
815.0,567.0,5.0,0.0,1.0,2026-10-05,SPY,2026-11-30,56,60
816.0,219.0,2.0,0.0,1.0,2026-10-05,SPY,2026-11-30,56,60
817.0,360.0,1.0,0.0,0.0,2026-10-05,SPY,2026-11-30,56,60
818.0,68.0,2.0,0.0,0.0,2026-10-05,SPY,2026-11-30,56,60
819.0,642.0,1.0,0.0,0.0,2026-10-05,SPY,2026-11-30,56,60
820.0,2094.0,22.0,0.0,2.0,2026-10-05,SPY,2026-11-30,56,60
825.0,889.0,5.0,0.0,1.0,2026-10-05,SPY,2026-11-30,56,60
830.0,2440.0,1084.0,0.0,15.0,2026-10-05,SPY,2026-11-30,56,60
835.0,1734.0,231.0,1.0,1.0,2026-10-05,SPY,2026-11-30,56,60
840.0,529.0,12.0,0.0,26.0,2026-10-05,SPY,2026-11-30,56,60
845.0,441.0,5.0,0.0,1.0,2026-10-05,SPY,2026-11-30,56,60
850.0,5039.0,1.0,0.0,1.0,2026-10-05,SPY,2026-11-30,56,60
855.0,172.0,3.0,0.0,0.0,2026-10-05,SPY,2026-11-30,56,60
860.0,677.0,30.0,2.0,1.0,2026-10-05,SPY,2026-11-30,56,60
865.0,802.0,9.0,0.0,1.0,2026-10-05,SPY,2026-11-30,56,60
870.0,1187.0,1.0,0.0,0.0,2026-10-05,SPY,2026-11-30,56,60
875.0,742.0,10.0,0.0,0.0,2026-10-05,SPY,2026-11-30,56,60
880.0,1147.0,17.0,0.0,0.0,2026-10-05,SPY,2026-11-30,56,60
885.0,240.0,6.0,0.0,0.0,2026-10-05,SPY,2026-11-30,56,60
890.0,259.0,6.0,0.0,0.0,2026-10-05,SPY,2026-11-30,56,60
895.0,3332.0,2.0,0.0,0.0,2026-10-05,SPY,2026-11-30,56,60
900.0,4021.0,72.0,0.0,1.0,2026-10-05,SPY,2026-11-30,56,60
905.0,167.0,48.0,0.0,0.0,2026-10-05,SPY,2026-11-30,56,60
910.0,188.0,48.0,0.0,0.0,2026-10-05,SPY,2026-11-30,56,60
915.0,212.0,48.0,0.0,0.0,2026-10-05,SPY,2026-11-30,56,60
920.0,628.0,22.0,0.0,1.0,2026-10-05,SPY,2026-11-30,56,60
460.0,23.0,1.0,2083.0,2.0,2026-10-05,SPY,2026-12-31,87,90
465.0,0.0,0.0,306.0,1.0,2026-10-05,SPY,2026-12-31,87,90
470.0,0.0,0.0,66.0,11.0,2026-10-05,SPY,2026-12-31,87,90
475.0,0.0,0.0,707.0,24.0,2026-10-05,SPY,2026-12-31,87,90
480.0,20.0,20.0,16170.0,2.0,2026-10-05,SPY,2026-12-31,87,90
485.0,1.0,1.0,352.0,7.0,2026-10-05,SPY,2026-12-31,87,90
490.0,0.0,1.0,5388.0,9.0,2026-10-05,SPY,2026-12-31,87,90
495.0,0.0,0.0,197.0,1.0,2026-10-05,SPY,2026-12-31,87,90
500.0,203.0,3.0,1364.0,33.0,2026-10-05,SPY,2026-12-31,87,90
505.0,0.0,10.0,373.0,2.0,2026-10-05,SPY,2026-12-31,87,90
510.0,0.0,10.0,798.0,160.0,2026-10-05,SPY,2026-12-31,87,90
515.0,2.0,2.0,115.0,4.0,2026-10-05,SPY,2026-12-31,87,90
520.0,18.0,2.0,944.0,3.0,2026-10-05,SPY,2026-12-31,87,90
525.0,7.0,1.0,706.0,1.0,2026-10-05,SPY,2026-12-31,87,90
530.0,0.0,2.0,1460.0,5.0,2026-10-05,SPY,2026-12-31,87,90
535.0,2.0,1.0,15322.0,5.0,2026-10-05,SPY,2026-12-31,87,90
540.0,22.0,2.0,636.0,50.0,2026-10-05,SPY,2026-12-31,87,90
545.0,4.0,3.0,1420.0,300.0,2026-10-05,SPY,2026-12-31,87,90
550.0,0.0,1.0,86670.0,1.0,2026-10-05,SPY,2026-12-31,87,90
555.0,0.0,2.0,894.0,301.0,2026-10-05,SPY,2026-12-31,87,90
560.0,24.0,11.0,1203.0,7.0,2026-10-05,SPY,2026-12-31,87,90
565.0,72.0,3.0,885.0,2.0,2026-10-05,SPY,2026-12-31,87,90
570.0,0.0,1.0,938.0,1.0,2026-10-05,SPY,2026-12-31,87,90
575.0,793.0,1.0,1051.0,2.0,2026-10-05,SPY,2026-12-31,87,90
580.0,26.0,6.0,2392.0,1.0,2026-10-05,SPY,2026-12-31,87,90
585.0,21.0,1.0,481.0,1.0,2026-10-05,SPY,2026-12-31,87,90
586.0,0.0,0.0,2.0,0.0,2026-10-05,SPY,2026-12-31,87,90
588.0,0.0,0.0,14.0,4.0,2026-10-05,SPY,2026-12-31,87,90
589.0,0.0,0.0,2.0,2.0,2026-10-05,SPY,2026-12-31,87,90
590.0,35.0,1.0,1111.0,1.0,2026-10-05,SPY,2026-12-31,87,90
592.0,0.0,0.0,212.0,2.0,2026-10-05,SPY,2026-12-31,87,90
595.0,69.0,1.0,808.0,20.0,2026-10-05,SPY,2026-12-31,87,90
599.0,0.0,0.0,496.0,3.0,2026-10-05,SPY,2026-12-31,87,90
600.0,441.0,3.0,4085.0,43.0,2026-10-05,SPY,2026-12-31,87,90
601.0,0.0,0.0,277.0,2.0,2026-10-05,SPY,2026-12-31,87,90
604.0,0.0,0.0,16.0,2.0,2026-10-05,SPY,2026-12-31,87,90
605.0,2179.0,1.0,2761.0,12.0,2026-10-05,SPY,2026-12-31,87,90
606.0,0.0,0.0,13.0,3.0,2026-10-05,SPY,2026-12-31,87,90
608.0,0.0,0.0,14.0,0.0,2026-10-05,SPY,2026-12-31,87,90
609.0,0.0,0.0,11.0,10.0,2026-10-05,SPY,2026-12-31,87,90
610.0,387.0,1.0,30299.0,1.0,2026-10-05,SPY,2026-12-31,87,90
612.0,0.0,0.0,315.0,315.0,2026-10-05,SPY,2026-12-31,87,90
613.0,0.0,0.0,72.0,65.0,2026-10-05,SPY,2026-12-31,87,90
614.0,0.0,0.0,66.0,64.0,2026-10-05,SPY,2026-12-31,87,90
615.0,205.0,1.0,7822.0,50.0,2026-10-05,SPY,2026-12-31,87,90
616.0,0.0,0.0,324.0,324.0,2026-10-05,SPY,2026-12-31,87,90
617.0,0.0,0.0,130.0,1.0,2026-10-05,SPY,2026-12-31,87,90
618.0,0.0,0.0,63.0,0.0,2026-10-05,SPY,2026-12-31,87,90
619.0,0.0,0.0,126.0,0.0,2026-10-05,SPY,2026-12-31,87,90
620.0,268.0,1.0,3175.0,4.0,2026-10-05,SPY,2026-12-31,87,90
621.0,0.0,1.0,434.0,105.0,2026-10-05,SPY,2026-12-31,87,90
622.0,0.0,1.0,573.0,63.0,2026-10-05,SPY,2026-12-31,87,90
623.0,0.0,1.0,195.0,65.0,2026-10-05,SPY,2026-12-31,87,90
624.0,785.0,1.0,191.0,69.0,2026-10-05,SPY,2026-12-31,87,90
625.0,78.0,2.0,538.0,66.0,2026-10-05,SPY,2026-12-31,87,90
626.0,0.0,1.0,405.0,166.0,2026-10-05,SPY,2026-12-31,87,90
627.0,0.0,2.0,1522.0,416.0,2026-10-05,SPY,2026-12-31,87,90
628.0,179.0,2.0,162.0,1.0,2026-10-05,SPY,2026-12-31,87,90
629.0,0.0,1.0,296.0,15.0,2026-10-05,SPY,2026-12-31,87,90
630.0,0.0,10.0,457.0,5.0,2026-10-05,SPY,2026-12-31,87,90
631.0,0.0,1.0,135.0,63.0,2026-10-05,SPY,2026-12-31,87,90
632.0,6.0,4.0,300.0,172.0,2026-10-05,SPY,2026-12-31,87,90
633.0,32.0,1.0,298.0,271.0,2026-10-05,SPY,2026-12-31,87,90
634.0,5.0,3.0,362.0,2.0,2026-10-05,SPY,2026-12-31,87,90
635.0,50.0,2.0,760.0,41.0,2026-10-05,SPY,2026-12-31,87,90
636.0,33.0,2.0,315.0,4.0,2026-10-05,SPY,2026-12-31,87,90
637.0,14.0,2.0,277.0,6.0,2026-10-05,SPY,2026-12-31,87,90
638.0,4.0,1.0,197.0,2.0,2026-10-05,SPY,2026-12-31,87,90
639.0,22.0,6.0,772.0,3.0,2026-10-05,SPY,2026-12-31,87,90
640.0,346.0,1.0,1251.0,48.0,2026-10-05,SPY,2026-12-31,87,90
641.0,0.0,1.0,297.0,76.0,2026-10-05,SPY,2026-12-31,87,90
642.0,57.0,19.0,122.0,1.0,2026-10-05,SPY,2026-12-31,87,90
643.0,0.0,5.0,448.0,1.0,2026-10-05,SPY,2026-12-31,87,90
644.0,0.0,1.0,17.0,2.0,2026-10-05,SPY,2026-12-31,87,90
645.0,59.0,2.0,1700.0,3.0,2026-10-05,SPY,2026-12-31,87,90
646.0,14.0,1.0,67.0,2.0,2026-10-05,SPY,2026-12-31,87,90
647.0,17.0,1.0,257.0,1.0,2026-10-05,SPY,2026-12-31,87,90
648.0,33.0,10.0,55.0,9.0,2026-10-05,SPY,2026-12-31,87,90
649.0,0.0,2.0,130.0,4.0,2026-10-05,SPY,2026-12-31,87,90
650.0,673.0,3.0,89713.0,10221.0,2026-10-05,SPY,2026-12-31,87,90
651.0,74.0,100.0,110.0,1.0,2026-10-05,SPY,2026-12-31,87,90
652.0,8.0,1.0,157.0,1.0,2026-10-05,SPY,2026-12-31,87,90
653.0,6.0,1.0,150.0,14.0,2026-10-05,SPY,2026-12-31,87,90
654.0,8.0,6.0,274.0,1.0,2026-10-05,SPY,2026-12-31,87,90
655.0,193.0,50.0,353.0,15.0,2026-10-05,SPY,2026-12-31,87,90
656.0,11.0,1.0,188.0,3.0,2026-10-05,SPY,2026-12-31,87,90
657.0,9.0,1.0,151.0,2.0,2026-10-05,SPY,2026-12-31,87,90
658.0,10.0,2.0,109.0,1.0,2026-10-05,SPY,2026-12-31,87,90
659.0,0.0,1.0,216.0,15.0,2026-10-05,SPY,2026-12-31,87,90
660.0,121.0,3.0,2626.0,30.0,2026-10-05,SPY,2026-12-31,87,90
661.0,13.0,2.0,624.0,37.0,2026-10-05,SPY,2026-12-31,87,90
662.0,9.0,2.0,138.0,1.0,2026-10-05,SPY,2026-12-31,87,90
663.0,16.0,5.0,427.0,3.0,2026-10-05,SPY,2026-12-31,87,90
664.0,0.0,1.0,333.0,2.0,2026-10-05,SPY,2026-12-31,87,90
665.0,276.0,1.0,5923.0,4.0,2026-10-05,SPY,2026-12-31,87,90
666.0,9.0,1.0,276.0,1.0,2026-10-05,SPY,2026-12-31,87,90
667.0,19.0,1.0,539.0,3.0,2026-10-05,SPY,2026-12-31,87,90
668.0,23.0,2.0,53.0,1.0,2026-10-05,SPY,2026-12-31,87,90
669.0,213.0,2.0,541.0,6.0,2026-10-05,SPY,2026-12-31,87,90
670.0,621.0,10.0,1419.0,2.0,2026-10-05,SPY,2026-12-31,87,90
671.0,240.0,24.0,246.0,1.0,2026-10-05,SPY,2026-12-31,87,90
672.0,8.0,1.0,41.0,2.0,2026-10-05,SPY,2026-12-31,87,90
673.0,9.0,2.0,205.0,2.0,2026-10-05,SPY,2026-12-31,87,90
674.0,12.0,1.0,233.0,5.0,2026-10-05,SPY,2026-12-31,87,90
675.0,757.0,2.0,767.0,65.0,2026-10-05,SPY,2026-12-31,87,90
676.0,62.0,1.0,49.0,10.0,2026-10-05,SPY,2026-12-31,87,90
677.0,0.0,1.0,349.0,1.0,2026-10-05,SPY,2026-12-31,87,90
678.0,166.0,2.0,714.0,6.0,2026-10-05,SPY,2026-12-31,87,90
679.0,13.0,1.0,687.0,2.0,2026-10-05,SPY,2026-12-31,87,90
680.0,995.0,1.0,2894.0,1.0,2026-10-05,SPY,2026-12-31,87,90
681.0,135.0,3.0,44.0,2.0,2026-10-05,SPY,2026-12-31,87,90
682.0,56.0,3.0,2209.0,2.0,2026-10-05,SPY,2026-12-31,87,90
683.0,23.0,1.0,121.0,7.0,2026-10-05,SPY,2026-12-31,87,90
684.0,0.0,1.0,637.0,1.0,2026-10-05,SPY,2026-12-31,87,90
685.0,436.0,1.0,2729.0,61.0,2026-10-05,SPY,2026-12-31,87,90
686.0,113.0,4.0,624.0,1.0,2026-10-05,SPY,2026-12-31,87,90
687.0,109.0,1.0,772.0,7.0,2026-10-05,SPY,2026-12-31,87,90
688.0,70.0,5.0,520.0,30.0,2026-10-05,SPY,2026-12-31,87,90
689.0,119.0,1.0,630.0,1.0,2026-10-05,SPY,2026-12-31,87,90
690.0,339.0,2.0,3075.0,135.0,2026-10-05,SPY,2026-12-31,87,90
691.0,0.0,2.0,436.0,4.0,2026-10-05,SPY,2026-12-31,87,90
692.0,144.0,1.0,226.0,2.0,2026-10-05,SPY,2026-12-31,87,90
693.0,57.0,1.0,112.0,2.0,2026-10-05,SPY,2026-12-31,87,90
694.0,0.0,2.0,36.0,2.0,2026-10-05,SPY,2026-12-31,87,90
695.0,256.0,1.0,1507.0,79.0,2026-10-05,SPY,2026-12-31,87,90
696.0,861.0,1.0,1227.0,2.0,2026-10-05,SPY,2026-12-31,87,90
697.0,0.0,1.0,33.0,2.0,2026-10-05,SPY,2026-12-31,87,90
698.0,172.0,1.0,57.0,2.0,2026-10-05,SPY,2026-12-31,87,90
699.0,257.0,1.0,124.0,5.0,2026-10-05,SPY,2026-12-31,87,90
700.0,1612.0,6.0,8480.0,138.0,2026-10-05,SPY,2026-12-31,87,90
701.0,209.0,2.0,217.0,1.0,2026-10-05,SPY,2026-12-31,87,90
702.0,560.0,9.0,204.0,1.0,2026-10-05,SPY,2026-12-31,87,90
703.0,278.0,1.0,222.0,4.0,2026-10-05,SPY,2026-12-31,87,90
704.0,326.0,1.0,488.0,2.0,2026-10-05,SPY,2026-12-31,87,90
705.0,575.0,3.0,882.0,2.0,2026-10-05,SPY,2026-12-31,87,90
706.0,22.0,1.0,129.0,9.0,2026-10-05,SPY,2026-12-31,87,90
707.0,132.0,28.0,160.0,1.0,2026-10-05,SPY,2026-12-31,87,90
708.0,182.0,2.0,322.0,1.0,2026-10-05,SPY,2026-12-31,87,90
709.0,14.0,1.0,271.0,2.0,2026-10-05,SPY,2026-12-31,87,90
710.0,263.0,5.0,2616.0,18.0,2026-10-05,SPY,2026-12-31,87,90
711.0,179.0,2.0,374.0,2.0,2026-10-05,SPY,2026-12-31,87,90
712.0,11.0,2.0,348.0,2.0,2026-10-05,SPY,2026-12-31,87,90
713.0,33.0,2.0,478.0,2.0,2026-10-05,SPY,2026-12-31,87,90
714.0,55.0,2.0,105.0,3.0,2026-10-05,SPY,2026-12-31,87,90
715.0,1134.0,4.0,684.0,20.0,2026-10-05,SPY,2026-12-31,87,90
716.0,44.0,2.0,445.0,1.0,2026-10-05,SPY,2026-12-31,87,90
717.0,40.0,1.0,523.0,1.0,2026-10-05,SPY,2026-12-31,87,90
718.0,238.0,1.0,342.0,1.0,2026-10-05,SPY,2026-12-31,87,90
719.0,78.0,1.0,727.0,70.0,2026-10-05,SPY,2026-12-31,87,90
720.0,1975.0,30.0,4115.0,309.0,2026-10-05,SPY,2026-12-31,87,90
721.0,79.0,4.0,386.0,101.0,2026-10-05,SPY,2026-12-31,87,90
722.0,199.0,1.0,556.0,56.0,2026-10-05,SPY,2026-12-31,87,90
723.0,47.0,3.0,21083.0,375.0,2026-10-05,SPY,2026-12-31,87,90
724.0,242.0,4.0,323.0,47.0,2026-10-05,SPY,2026-12-31,87,90
725.0,380.0,1.0,2357.0,301.0,2026-10-05,SPY,2026-12-31,87,90
726.0,0.0,0.0,43.0,1.0,2026-10-05,SPY,2026-12-31,87,90
727.0,2.0,5.0,8.0,1.0,2026-10-05,SPY,2026-12-31,87,90
728.0,27.0,3.0,14.0,1.0,2026-10-05,SPY,2026-12-31,87,90
729.0,0.0,0.0,36.0,1.0,2026-10-05,SPY,2026-12-31,87,90
730.0,859.0,31.0,8763.0,42.0,2026-10-05,SPY,2026-12-31,87,90
731.0,1.0,0.0,7.0,2.0,2026-10-05,SPY,2026-12-31,87,90
732.0,1.0,0.0,242.0,6.0,2026-10-05,SPY,2026-12-31,87,90
733.0,1.0,2.0,212.0,5.0,2026-10-05,SPY,2026-12-31,87,90
734.0,64.0,0.0,77.0,8.0,2026-10-05,SPY,2026-12-31,87,90
735.0,1976.0,3.0,1151.0,2.0,2026-10-05,SPY,2026-12-31,87,90
736.0,20.0,0.0,65.0,47.0,2026-10-05,SPY,2026-12-31,87,90
737.0,30.0,2.0,452.0,3.0,2026-10-05,SPY,2026-12-31,87,90
738.0,28.0,0.0,53.0,48.0,2026-10-05,SPY,2026-12-31,87,90
739.0,3.0,0.0,95.0,10.0,2026-10-05,SPY,2026-12-31,87,90
740.0,1580.0,1.0,6112.0,42.0,2026-10-05,SPY,2026-12-31,87,90
741.0,246.0,1.0,103.0,10.0,2026-10-05,SPY,2026-12-31,87,90
742.0,1.0,2.0,221.0,40.0,2026-10-05,SPY,2026-12-31,87,90
743.0,31.0,1.0,278.0,7.0,2026-10-05,SPY,2026-12-31,87,90
744.0,64.0,0.0,30.0,10.0,2026-10-05,SPY,2026-12-31,87,90
745.0,1554.0,2.0,4050.0,2.0,2026-10-05,SPY,2026-12-31,87,90
746.0,0.0,0.0,125.0,10.0,2026-10-05,SPY,2026-12-31,87,90
747.0,0.0,0.0,57.0,6.0,2026-10-05,SPY,2026-12-31,87,90
748.0,120.0,0.0,64.0,1.0,2026-10-05,SPY,2026-12-31,87,90
749.0,0.0,0.0,92.0,4.0,2026-10-05,SPY,2026-12-31,87,90
750.0,3325.0,13.0,3076.0,34.0,2026-10-05,SPY,2026-12-31,87,90
751.0,62.0,0.0,51.0,40.0,2026-10-05,SPY,2026-12-31,87,90
752.0,1.0,0.0,78.0,14.0,2026-10-05,SPY,2026-12-31,87,90
753.0,0.0,0.0,4.0,2.0,2026-10-05,SPY,2026-12-31,87,90
754.0,0.0,0.0,151.0,2.0,2026-10-05,SPY,2026-12-31,87,90
755.0,1166.0,4.0,4434.0,91.0,2026-10-05,SPY,2026-12-31,87,90
756.0,0.0,0.0,5.0,2.0,2026-10-05,SPY,2026-12-31,87,90
757.0,2.0,1.0,119.0,2.0,2026-10-05,SPY,2026-12-31,87,90
758.0,12.0,0.0,7.0,3.0,2026-10-05,SPY,2026-12-31,87,90
759.0,9.0,1.0,46.0,3.0,2026-10-05,SPY,2026-12-31,87,90
760.0,4525.0,1.0,3152.0,35.0,2026-10-05,SPY,2026-12-31,87,90
761.0,7.0,22.0,169.0,22.0,2026-10-05,SPY,2026-12-31,87,90
762.0,107.0,4.0,50.0,3.0,2026-10-05,SPY,2026-12-31,87,90
763.0,26.0,2.0,35.0,3.0,2026-10-05,SPY,2026-12-31,87,90
764.0,15.0,17.0,388.0,247.0,2026-10-05,SPY,2026-12-31,87,90
765.0,1756.0,8.0,4326.0,2.0,2026-10-05,SPY,2026-12-31,87,90
766.0,471.0,1.0,51.0,3.0,2026-10-05,SPY,2026-12-31,87,90
767.0,60.0,37.0,124.0,17.0,2026-10-05,SPY,2026-12-31,87,90
768.0,76.0,2.0,320.0,29.0,2026-10-05,SPY,2026-12-31,87,90
769.0,99.0,6.0,23.0,3.0,2026-10-05,SPY,2026-12-31,87,90
770.0,2002.0,33.0,4374.0,291.0,2026-10-05,SPY,2026-12-31,87,90
771.0,44.0,6.0,163.0,8.0,2026-10-05,SPY,2026-12-31,87,90
772.0,21.0,1.0,277.0,45.0,2026-10-05,SPY,2026-12-31,87,90
773.0,239.0,31.0,494.0,2.0,2026-10-05,SPY,2026-12-31,87,90
774.0,13.0,5.0,536.0,41.0,2026-10-05,SPY,2026-12-31,87,90
775.0,3271.0,9.0,1940.0,28.0,2026-10-05,SPY,2026-12-31,87,90
776.0,276.0,1.0,43.0,0.0,2026-10-05,SPY,2026-12-31,87,90
777.0,263.0,100.0,246.0,1.0,2026-10-05,SPY,2026-12-31,87,90
778.0,417.0,412.0,105.0,2.0,2026-10-05,SPY,2026-12-31,87,90
779.0,10.0,6.0,117.0,42.0,2026-10-05,SPY,2026-12-31,87,90
780.0,2507.0,181.0,720.0,207.0,2026-10-05,SPY,2026-12-31,87,90
781.0,70.0,33.0,137.0,5.0,2026-10-05,SPY,2026-12-31,87,90
782.0,36.0,23.0,9.0,46.0,2026-10-05,SPY,2026-12-31,87,90
783.0,64.0,18.0,0.0,0.0,2026-10-05,SPY,2026-12-31,87,90
784.0,147.0,5.0,0.0,0.0,2026-10-05,SPY,2026-12-31,87,90
785.0,1658.0,15.0,273.0,130.0,2026-10-05,SPY,2026-12-31,87,90
786.0,404.0,40.0,0.0,0.0,2026-10-05,SPY,2026-12-31,87,90
787.0,107.0,36.0,1.0,1.0,2026-10-05,SPY,2026-12-31,87,90
788.0,166.0,41.0,0.0,0.0,2026-10-05,SPY,2026-12-31,87,90
789.0,55.0,40.0,6.0,0.0,2026-10-05,SPY,2026-12-31,87,90
790.0,3354.0,5.0,346.0,48.0,2026-10-05,SPY,2026-12-31,87,90
791.0,111.0,1.0,0.0,0.0,2026-10-05,SPY,2026-12-31,87,90
792.0,58.0,41.0,0.0,0.0,2026-10-05,SPY,2026-12-31,87,90
793.0,120.0,77.0,0.0,0.0,2026-10-05,SPY,2026-12-31,87,90
794.0,49.0,30.0,0.0,0.0,2026-10-05,SPY,2026-12-31,87,90
795.0,1511.0,3.0,40.0,2.0,2026-10-05,SPY,2026-12-31,87,90
796.0,103.0,34.0,6.0,1.0,2026-10-05,SPY,2026-12-31,87,90
797.0,47.0,19.0,0.0,0.0,2026-10-05,SPY,2026-12-31,87,90
798.0,37.0,17.0,0.0,0.0,2026-10-05,SPY,2026-12-31,87,90
799.0,48.0,14.0,0.0,0.0,2026-10-05,SPY,2026-12-31,87,90
800.0,7316.0,53.0,668.0,34.0,2026-10-05,SPY,2026-12-31,87,90
801.0,24.0,17.0,0.0,0.0,2026-10-05,SPY,2026-12-31,87,90
802.0,20886.0,9.0,0.0,0.0,2026-10-05,SPY,2026-12-31,87,90
803.0,40.0,14.0,0.0,0.0,2026-10-05,SPY,2026-12-31,87,90
804.0,637.0,29.0,0.0,0.0,2026-10-05,SPY,2026-12-31,87,90
805.0,3369.0,160.0,22.0,2.0,2026-10-05,SPY,2026-12-31,87,90
806.0,193.0,176.0,0.0,0.0,2026-10-05,SPY,2026-12-31,87,90
807.0,61.0,20.0,1.0,0.0,2026-10-05,SPY,2026-12-31,87,90
808.0,31.0,18.0,0.0,0.0,2026-10-05,SPY,2026-12-31,87,90
809.0,20.0,5.0,0.0,0.0,2026-10-05,SPY,2026-12-31,87,90
810.0,2872.0,16.0,9.0,1.0,2026-10-05,SPY,2026-12-31,87,90
811.0,257.0,12.0,0.0,0.0,2026-10-05,SPY,2026-12-31,87,90
812.0,112.0,15.0,0.0,0.0,2026-10-05,SPY,2026-12-31,87,90
813.0,148.0,110.0,0.0,0.0,2026-10-05,SPY,2026-12-31,87,90
814.0,568.0,13.0,0.0,0.0,2026-10-05,SPY,2026-12-31,87,90
815.0,4385.0,5.0,8.0,1.0,2026-10-05,SPY,2026-12-31,87,90
816.0,117.0,5.0,0.0,0.0,2026-10-05,SPY,2026-12-31,87,90
817.0,738.0,2.0,0.0,0.0,2026-10-05,SPY,2026-12-31,87,90
818.0,1517.0,14.0,0.0,0.0,2026-10-05,SPY,2026-12-31,87,90
819.0,564.0,119.0,0.0,0.0,2026-10-05,SPY,2026-12-31,87,90
820.0,2620.0,408.0,0.0,1.0,2026-10-05,SPY,2026-12-31,87,90
821.0,116.0,94.0,0.0,0.0,2026-10-05,SPY,2026-12-31,87,90
822.0,388.0,19.0,0.0,0.0,2026-10-05,SPY,2026-12-31,87,90
823.0,474.0,163.0,0.0,0.0,2026-10-05,SPY,2026-12-31,87,90
824.0,562.0,123.0,0.0,0.0,2026-10-05,SPY,2026-12-31,87,90
825.0,3434.0,14.0,7.0,2.0,2026-10-05,SPY,2026-12-31,87,90
826.0,1076.0,193.0,0.0,0.0,2026-10-05,SPY,2026-12-31,87,90
827.0,5.0,3.0,0.0,0.0,2026-10-05,SPY,2026-12-31,87,90
828.0,46.0,47.0,0.0,0.0,2026-10-05,SPY,2026-12-31,87,90
829.0,243.0,14.0,0.0,0.0,2026-10-05,SPY,2026-12-31,87,90
830.0,3358.0,3.0,0.0,1.0,2026-10-05,SPY,2026-12-31,87,90
831.0,3.0,2.0,0.0,0.0,2026-10-05,SPY,2026-12-31,87,90
832.0,4.0,1.0,0.0,1.0,2026-10-05,SPY,2026-12-31,87,90
833.0,69.0,70.0,0.0,0.0,2026-10-05,SPY,2026-12-31,87,90
834.0,3.0,3.0,0.0,0.0,2026-10-05,SPY,2026-12-31,87,90
835.0,3531.0,82.0,0.0,6.0,2026-10-05,SPY,2026-12-31,87,90
836.0,4.0,1.0,0.0,0.0,2026-10-05,SPY,2026-12-31,87,90
837.0,63.0,1.0,0.0,0.0,2026-10-05,SPY,2026-12-31,87,90
838.0,16.0,1.0,0.0,0.0,2026-10-05,SPY,2026-12-31,87,90
839.0,6.0,2.0,0.0,0.0,2026-10-05,SPY,2026-12-31,87,90
840.0,2360.0,5.0,0.0,1.0,2026-10-05,SPY,2026-12-31,87,90
841.0,2.0,1.0,0.0,0.0,2026-10-05,SPY,2026-12-31,87,90
842.0,1.0,1.0,0.0,0.0,2026-10-05,SPY,2026-12-31,87,90
843.0,1.0,1.0,0.0,0.0,2026-10-05,SPY,2026-12-31,87,90
844.0,1.0,1.0,0.0,0.0,2026-10-05,SPY,2026-12-31,87,90
845.0,1632.0,10.0,0.0,0.0,2026-10-05,SPY,2026-12-31,87,90
846.0,1.0,0.0,0.0,0.0,2026-10-05,SPY,2026-12-31,87,90
847.0,1.0,0.0,0.0,0.0,2026-10-05,SPY,2026-12-31,87,90
849.0,1.0,1.0,0.0,0.0,2026-10-05,SPY,2026-12-31,87,90
850.0,12172.0,21.0,0.0,2.0,2026-10-05,SPY,2026-12-31,87,90
851.0,3.0,2.0,0.0,0.0,2026-10-05,SPY,2026-12-31,87,90
852.0,1.0,0.0,0.0,0.0,2026-10-05,SPY,2026-12-31,87,90
853.0,1.0,0.0,0.0,0.0,2026-10-05,SPY,2026-12-31,87,90
855.0,1984.0,16.0,0.0,1.0,2026-10-05,SPY,2026-12-31,87,90
857.0,1.0,0.0,0.0,0.0,2026-10-05,SPY,2026-12-31,87,90
858.0,1.0,1.0,0.0,0.0,2026-10-05,SPY,2026-12-31,87,90
860.0,3386.0,8.0,1.0,1.0,2026-10-05,SPY,2026-12-31,87,90
862.0,2.0,1.0,0.0,0.0,2026-10-05,SPY,2026-12-31,87,90
863.0,15.0,10.0,0.0,0.0,2026-10-05,SPY,2026-12-31,87,90
864.0,40.0,0.0,0.0,0.0,2026-10-05,SPY,2026-12-31,87,90
865.0,1394.0,111.0,0.0,1.0,2026-10-05,SPY,2026-12-31,87,90
866.0,6.0,3.0,0.0,0.0,2026-10-05,SPY,2026-12-31,87,90
869.0,16.0,0.0,0.0,0.0,2026-10-05,SPY,2026-12-31,87,90
870.0,1756.0,10.0,0.0,0.0,2026-10-05,SPY,2026-12-31,87,90
875.0,724.0,1.0,0.0,0.0,2026-10-05,SPY,2026-12-31,87,90
880.0,617.0,80.0,0.0,0.0,2026-10-05,SPY,2026-12-31,87,90
885.0,1312.0,54.0,0.0,0.0,2026-10-05,SPY,2026-12-31,87,90
890.0,683.0,1.0,0.0,0.0,2026-10-05,SPY,2026-12-31,87,90
895.0,1038.0,11.0,0.0,1.0,2026-10-05,SPY,2026-12-31,87,90
900.0,9053.0,3.0,0.0,1.0,2026-10-05,SPY,2026-12-31,87,90
905.0,492.0,50.0,0.0,1.0,2026-10-05,SPY,2026-12-31,87,90
910.0,758.0,5.0,0.0,0.0,2026-10-05,SPY,2026-12-31,87,90
915.0,553.0,1.0,0.0,0.0,2026-10-05,SPY,2026-12-31,87,90
920.0,419.0,5.0,0.0,0.0,2026-10-05,SPY,2026-12-31,87,90
925.0,353.0,2.0,0.0,0.0,2026-10-05,SPY,2026-12-31,87,90
930.0,263.0,8.0,0.0,0.0,2026-10-05,SPY,2026-12-31,87,90
935.0,176.0,1.0,0.0,0.0,2026-10-05,SPY,2026-12-31,87,90
940.0,714.0,1.0,0.0,0.0,2026-10-05,SPY,2026-12-31,87,90
