ticker,CASH,IEI,VCIT,HYG,NVDA,MSFT,GOOGL,AMZN,JPM,NVO
CASH,,,,,,,,,,
IEI,,1.0,0.957,0.82,0.266,0.107,0.21,0.202,0.161,0.259
VCIT,,0.957,1.0,0.868,0.299,0.134,0.252,0.236,0.208,0.235
HYG,,0.82,0.868,1.0,0.441,0.242,0.374,0.371,0.274,0.187
NVDA,,0.266,0.299,0.441,1.0,0.118,0.174,0.159,0.04,-0.141
MSFT,,0.107,0.134,0.242,0.118,1.0,0.248,0.457,0.018,0.058
GOOGL,,0.21,0.252,0.374,0.174,0.248,1.0,0.677,0.077,-0.079
AMZN,,0.202,0.236,0.371,0.159,0.457,0.677,1.0,0.05,-0.162
JPM,,0.161,0.208,0.274,0.04,0.018,0.077,0.05,1.0,0.131
NVO,,0.259,0.235,0.187,-0.141,0.058,-0.079,-0.162,0.131,1.0
