date,ticker,close
2026-05-11,ALV.DE,371.7
2026-05-12,ALV.DE,368.2
2026-05-13,ALV.DE,372.3
2026-05-14,ALV.DE,380.3
2026-05-15,ALV.DE,374.5
2026-05-18,ALV.DE,381.4
2026-05-19,ALV.DE,382.6
2026-05-20,ALV.DE,385.7
2026-05-21,ALV.DE,385.9
2026-05-22,ALV.DE,385.6
2026-05-25,ALV.DE,391.0
2026-05-26,ALV.DE,388.9
2026-05-27,ALV.DE,389.4
2026-05-28,ALV.DE,380.9
2026-05-29,ALV.DE,381.6
2026-06-01,ALV.DE,374.9
2026-06-02,ALV.DE,376.7
2026-06-03,ALV.DE,368.6
2026-06-04,ALV.DE,371.3
2026-06-05,ALV.DE,372.8
2026-06-08,ALV.DE,374.1
2026-06-09,ALV.DE,377.9
2026-06-10,ALV.DE,381.5
2026-06-11,ALV.DE,383.3
2026-06-12,ALV.DE,386.4
2026-06-15,ALV.DE,394.7
2026-06-16,ALV.DE,399.0
2026-06-17,ALV.DE,400.2
2026-06-18,ALV.DE,400.0
2026-06-19,ALV.DE,400.4
2026-06-22,ALV.DE,406.6
2026-06-23,ALV.DE,405.2
2026-06-24,ALV.DE,404.5
2026-06-25,ALV.DE,407.1
2026-06-26,ALV.DE,407.9
2026-06-29,ALV.DE,408.8
2026-06-30,ALV.DE,414.1
2026-07-01,ALV.DE,414.1
2026-07-02,ALV.DE,418.4
2026-07-03,ALV.DE,419.8
2026-07-06,ALV.DE,420.2
2026-07-07,ALV.DE,422.8
2026-07-08,ALV.DE,418.5
2026-07-09,ALV.DE,422.7
2026-07-10,ALV.DE,421.6
2026-07-13,ALV.DE,421.0
2026-07-14,ALV.DE,421.0
2026-07-15,ALV.DE,416.4
2026-07-16,ALV.DE,419.6
2026-07-17,ALV.DE,422.9
2026-07-20,ALV.DE,422.8
2026-07-21,ALV.DE,422.8
2026-07-22,ALV.DE,426.1
2026-07-23,ALV.DE,424.4
2026-07-24,ALV.DE,427.1
2026-07-27,ALV.DE,430.4
2026-07-28,ALV.DE,432.4
2026-07-29,ALV.DE,428.2
2026-07-30,ALV.DE,431.5
2026-07-31,ALV.DE,432.5
2026-08-03,ALV.DE,432.9
2026-08-04,ALV.DE,434.7
2026-08-05,ALV.DE,436.6
2026-08-06,ALV.DE,440.7
2026-08-07,ALV.DE,433.5
2026-08-10,ALV.DE,437.7
2026-08-11,ALV.DE,435.7
2026-08-12,ALV.DE,438.9
2026-08-13,ALV.DE,437.8
2026-08-14,ALV.DE,442.7
2026-08-17,ALV.DE,438.6
2026-08-18,ALV.DE,442.0
2026-08-19,ALV.DE,438.0
2026-08-20,ALV.DE,438.3
2026-08-21,ALV.DE,440.8
2026-08-24,ALV.DE,445.4
2026-08-25,ALV.DE,450.0
2026-08-26,ALV.DE,451.7
2026-08-27,ALV.DE,445.2
2026-08-28,ALV.DE,453.0
2026-08-31,ALV.DE,450.8
2026-09-01,ALV.DE,451.8
2026-09-02,ALV.DE,449.2
2026-09-03,ALV.DE,453.3
2026-09-04,ALV.DE,453.3
2026-05-11,AMD,458.79
2026-05-12,AMD,448.29
2026-05-13,AMD,445.5
2026-05-14,AMD,449.7
2026-05-15,AMD,424.1
2026-05-18,AMD,420.99
2026-05-19,AMD,414.05
2026-05-20,AMD,447.58
2026-05-21,AMD,449.59
2026-05-22,AMD,467.51
2026-05-25,AMD,467.51
2026-05-26,AMD,503.89
2026-05-27,AMD,495.54
2026-05-28,AMD,518.09
2026-05-29,AMD,516.1
2026-06-01,AMD,510.13
2026-06-02,AMD,521.54
2026-06-03,AMD,542.52
2026-06-04,AMD,523.2
2026-06-05,AMD,466.38
2026-06-08,AMD,490.33
2026-06-09,AMD,475.51
2026-06-10,AMD,452.4
2026-06-11,AMD,488.45
2026-06-12,AMD,511.57
2026-06-15,AMD,547.26
2026-06-16,AMD,507.29
2026-06-17,AMD,512.48
2026-06-18,AMD,537.37
2026-06-19,AMD,537.37
2026-06-22,AMD,551.63
2026-06-23,AMD,519.85
2026-06-24,AMD,519.74
2026-06-25,AMD,532.57
2026-06-26,AMD,521.58
2026-06-29,AMD,539.49
2026-06-30,AMD,580.91
2026-07-01,AMD,540.88
2026-07-02,AMD,517.82
2026-07-03,AMD,517.82
2026-07-06,AMD,552.05
2026-07-07,AMD,516.11
2026-07-08,AMD,517.41
2026-07-09,AMD,546.72
2026-07-10,AMD,557.89
2026-07-13,AMD,534.39
2026-07-14,AMD,548.13
2026-07-15,AMD,529.14
2026-07-16,AMD,500.94
2026-07-17,AMD,495.76
2026-07-20,AMD,503.57
2026-07-21,AMD,544.43
2026-07-22,AMD,552.33
2026-07-23,AMD,539.69
2026-07-24,AMD,521.95
2026-07-27,AMD,494.95
2026-07-28,AMD,454.62
2026-07-29,AMD,429.56
2026-07-30,AMD,485.39
2026-07-31,AMD,476.15
2026-08-03,AMD,484.64
2026-08-04,AMD,518.58
2026-08-05,AMD,482.05
2026-08-06,AMD,489.28
2026-08-07,AMD,483.36
2026-08-10,AMD,469.56
2026-08-11,AMD,474.32
2026-08-12,AMD,482.93
2026-08-13,AMD,483.01
2026-08-14,AMD,514.39
2026-08-17,AMD,506.0
2026-08-18,AMD,484.39
2026-08-19,AMD,466.42
2026-08-20,AMD,469.46
2026-08-21,AMD,473.25
2026-08-24,AMD,456.75
2026-08-25,AMD,479.18
2026-08-26,AMD,480.93
2026-08-27,AMD,476.67
2026-08-28,AMD,465.58
2026-08-31,AMD,470.72
2026-09-01,AMD,459.61
2026-09-02,AMD,457.06
2026-09-03,AMD,456.16
2026-09-04,AMD,456.16
2026-05-11,AMZN,268.99
2026-05-12,AMZN,265.82
2026-05-13,AMZN,270.13
2026-05-14,AMZN,267.22
2026-05-15,AMZN,264.14
2026-05-18,AMZN,264.86
2026-05-19,AMZN,259.34
2026-05-20,AMZN,265.01
2026-05-21,AMZN,268.46
2026-05-22,AMZN,266.32
2026-05-25,AMZN,266.32
2026-05-26,AMZN,265.29
2026-05-27,AMZN,271.85
2026-05-28,AMZN,274.0
2026-05-29,AMZN,270.64
2026-06-01,AMZN,261.26
2026-06-02,AMZN,256.52
2026-06-03,AMZN,250.02
2026-06-04,AMZN,253.79
2026-06-05,AMZN,246.03
2026-06-08,AMZN,245.22
2026-06-09,AMZN,244.19
2026-06-10,AMZN,238.0
2026-06-11,AMZN,241.51
2026-06-12,AMZN,238.55
2026-06-15,AMZN,246.02
2026-06-16,AMZN,246.0
2026-06-17,AMZN,237.5
2026-06-18,AMZN,244.39
2026-06-19,AMZN,244.39
2026-06-22,AMZN,232.79
2026-06-23,AMZN,234.11
2026-06-24,AMZN,234.27
2026-06-25,AMZN,227.01
2026-06-26,AMZN,232.69
2026-06-29,AMZN,240.14
2026-06-30,AMZN,238.34
2026-07-01,AMZN,241.7
2026-07-02,AMZN,242.67
2026-07-03,AMZN,242.67
2026-07-06,AMZN,244.16
2026-07-07,AMZN,245.98
2026-07-08,AMZN,243.62
2026-07-09,AMZN,247.04
2026-07-10,AMZN,245.34
2026-07-13,AMZN,247.31
2026-07-14,AMZN,247.49
2026-07-15,AMZN,254.96
2026-07-16,AMZN,249.89
2026-07-17,AMZN,247.23
2026-07-20,AMZN,249.99
2026-07-21,AMZN,247.55
2026-07-22,AMZN,244.85
2026-07-23,AMZN,233.66
2026-07-24,AMZN,232.11
2026-07-27,AMZN,231.39
2026-07-28,AMZN,230.86
2026-07-29,AMZN,226.65
2026-07-30,AMZN,235.5
2026-07-31,AMZN,271.58
2026-08-03,AMZN,284.02
2026-08-04,AMZN,277.42
2026-08-05,AMZN,272.65
2026-08-06,AMZN,272.26
2026-08-07,AMZN,274.48
2026-08-10,AMZN,278.09
2026-08-11,AMZN,272.27
2026-08-12,AMZN,267.28
2026-08-13,AMZN,265.13
2026-08-14,AMZN,262.65
2026-08-17,AMZN,261.31
2026-08-18,AMZN,259.45
2026-08-19,AMZN,265.84
2026-08-20,AMZN,260.11
2026-08-21,AMZN,258.63
2026-08-24,AMZN,262.07
2026-08-25,AMZN,261.06
2026-08-26,AMZN,260.28
2026-08-27,AMZN,256.26
2026-08-28,AMZN,266.43
2026-08-31,AMZN,259.77
2026-09-01,AMZN,254.92
2026-09-02,AMZN,254.98
2026-09-03,AMZN,258.9
2026-09-04,AMZN,258.9
2026-05-11,ARKX,34.9
2026-05-12,ARKX,34.605
2026-05-13,ARKX,34.81
2026-05-14,ARKX,35.11
2026-05-15,ARKX,33.84
2026-05-18,ARKX,34.11
2026-05-19,ARKX,33.69
2026-05-20,ARKX,34.64
2026-05-21,ARKX,34.46
2026-05-22,ARKX,35.42
2026-05-25,ARKX,35.42
2026-05-26,ARKX,36.31
2026-05-27,ARKX,36.395
2026-05-28,ARKX,37.74
2026-05-29,ARKX,37.38
2026-06-01,ARKX,36.385
2026-06-02,ARKX,36.66
2026-06-03,ARKX,35.84
2026-06-04,ARKX,36.36
2026-06-05,ARKX,34.04
2026-06-08,ARKX,34.37
2026-06-09,ARKX,33.7
2026-06-10,ARKX,32.7
2026-06-11,ARKX,34.45
2026-06-12,ARKX,33.78
2026-06-15,ARKX,35.18
2026-06-16,ARKX,34.75
2026-06-17,ARKX,34.51
2026-06-18,ARKX,34.56
2026-06-19,ARKX,34.56
2026-06-22,ARKX,33.36
2026-06-23,ARKX,32.8
2026-06-24,ARKX,32.18
2026-06-25,ARKX,31.92
2026-06-26,ARKX,31.93
2026-06-29,ARKX,33.13
2026-06-30,ARKX,34.12
2026-07-01,ARKX,33.83
2026-07-02,ARKX,33.87
2026-07-03,ARKX,33.87
2026-07-06,ARKX,34.07
2026-07-07,ARKX,32.6
2026-07-08,ARKX,32.3
2026-07-09,ARKX,32.315
2026-07-10,ARKX,32.05
2026-07-13,ARKX,31.3
2026-07-14,ARKX,31.74
2026-07-15,ARKX,31.565
2026-07-16,ARKX,30.77
2026-07-17,ARKX,30.3
2026-07-20,ARKX,30.48
2026-07-21,ARKX,31.18
2026-07-22,ARKX,30.95
2026-07-23,ARKX,30.94
2026-07-24,ARKX,30.37
2026-07-27,ARKX,30.72
2026-07-28,ARKX,30.57
2026-07-29,ARKX,29.52
2026-07-30,ARKX,30.35
2026-07-31,ARKX,30.6
2026-08-03,ARKX,31.59
2026-08-04,ARKX,33.2
2026-08-05,ARKX,32.58
2026-08-06,ARKX,33.01
2026-08-07,ARKX,34.27
2026-08-10,ARKX,34.41
2026-08-11,ARKX,34.41
2026-08-12,ARKX,34.69
2026-08-13,ARKX,34.85
2026-08-14,ARKX,34.86
2026-08-17,ARKX,34.7
2026-08-18,ARKX,33.98
2026-08-19,ARKX,33.64
2026-08-20,ARKX,32.92
2026-08-21,ARKX,33.25
2026-08-24,ARKX,32.45
2026-08-25,ARKX,32.49
2026-08-26,ARKX,32.45
2026-08-27,ARKX,32.82
2026-08-28,ARKX,32.35
2026-08-31,ARKX,32.38
2026-09-01,ARKX,31.83
2026-09-02,ARKX,31.85
2026-09-03,ARKX,32.35
2026-09-04,ARKX,32.35
2026-05-11,ASML,1563.7876
2026-05-12,ASML,1518.9755
2026-05-13,ASML,1579.5371
2026-05-14,ASML,1582.4634
2026-05-15,ASML,1499.8702
2026-05-18,ASML,1470.4883
2026-05-19,ASML,1457.5549
2026-05-20,ASML,1548.1278
2026-05-21,ASML,1589.9437
2026-05-22,ASML,1630.7909
2026-05-25,ASML,1630.7909
2026-05-26,ASML,1629.922
2026-05-27,ASML,1595.8062
2026-05-28,ASML,1603.6959
2026-05-29,ASML,1610.6769
2026-06-01,ASML,1626.4664
2026-06-02,ASML,1703.1672
2026-06-03,ASML,1724.1301
2026-06-04,ASML,1755.2
2026-06-05,ASML,1639.6195
2026-06-08,ASML,1746.7809
2026-06-09,ASML,1775.4738
2026-06-10,ASML,1731.95
2026-06-11,ASML,1897.0265
2026-06-12,ASML,1861.1431
2026-06-15,ASML,1890.2155
2026-06-16,ASML,1801.5601
2026-06-17,ASML,1865.4174
2026-06-18,ASML,1927.1876
2026-06-19,ASML,1927.1876
2026-06-22,ASML,1926.7582
2026-06-23,ASML,1776.1628
2026-06-24,ASML,1760.4932
2026-06-25,ASML,1838.8019
2026-06-26,ASML,1792.302
2026-06-29,ASML,1880.6777
2026-06-30,ASML,1986.8704
2026-07-01,ASML,1840.6595
2026-07-02,ASML,1767.0347
2026-07-03,ASML,1767.0347
2026-07-06,ASML,1822.7126
2026-07-07,ASML,1745.0232
2026-07-08,ASML,1766.3656
2026-07-09,ASML,1801.9196
2026-07-10,ASML,1794.9984
2026-07-13,ASML,1723.8107
2026-07-14,ASML,1773.3466
2026-07-15,ASML,1812.9254
2026-07-16,ASML,1782.5646
2026-07-17,ASML,1745.3228
2026-07-20,ASML,1736.7738
2026-07-21,ASML,1799.1831
2026-07-22,ASML,1799.5326
2026-07-23,ASML,1800.6711
2026-07-24,ASML,1754.8204
2026-07-27,ASML,1653.1221
2026-07-28,ASML,1582.95
2026-07-29,ASML,1550.6899
2026-07-30,ASML,1651.4399
2026-07-31,ASML,1629.0
2026-08-03,ASML,1642.52
2026-08-04,ASML,1711.89
2026-08-05,ASML,1678.22
2026-08-06,ASML,1704.37
2026-08-07,ASML,1740.99
2026-08-10,ASML,1733.48
2026-08-11,ASML,1799.38
2026-08-12,ASML,1810.0699
2026-08-13,ASML,1847.9
2026-08-14,ASML,1844.08
2026-08-17,ASML,1883.12
2026-08-18,ASML,1802.98
2026-08-19,ASML,1751.73
2026-08-20,ASML,1750.3101
2026-08-21,ASML,1763.76
2026-08-24,ASML,1740.13
2026-08-25,ASML,1744.16
2026-08-26,ASML,1745.64
2026-08-27,ASML,1735.01
2026-08-28,ASML,1696.16
2026-08-31,ASML,1696.01
2026-09-01,ASML,1665.14
2026-09-02,ASML,1682.3
2026-09-03,ASML,1646.1899
2026-09-04,ASML,1646.1899
2026-05-11,BTC-USD,81728.2969
2026-05-12,BTC-USD,80477.4922
2026-05-13,BTC-USD,79277.1172
2026-05-14,BTC-USD,81051.25
2026-05-15,BTC-USD,79065.6797
2026-05-18,BTC-USD,76954.1719
2026-05-19,BTC-USD,76750.9062
2026-05-20,BTC-USD,77457.7734
2026-05-21,BTC-USD,77539.1719
2026-05-22,BTC-USD,75488.2422
2026-05-25,BTC-USD,77279.9297
2026-05-26,BTC-USD,75825.7344
2026-05-27,BTC-USD,74344.7031
2026-05-28,BTC-USD,73536.5547
2026-05-29,BTC-USD,73372.5234
2026-06-01,BTC-USD,71319.7734
2026-06-02,BTC-USD,66703.6562
2026-06-03,BTC-USD,64014.3672
2026-06-04,BTC-USD,63801.5742
2026-06-05,BTC-USD,60922.668
2026-06-08,BTC-USD,63090.5898
2026-06-09,BTC-USD,61643.7812
2026-06-10,BTC-USD,61449.2891
2026-06-11,BTC-USD,63561.0547
2026-06-12,BTC-USD,63543.1992
2026-06-15,BTC-USD,66289.5
2026-06-16,BTC-USD,65600.6406
2026-06-17,BTC-USD,64418.4453
2026-06-18,BTC-USD,62896.4727
2026-06-19,BTC-USD,63540.8359
2026-06-22,BTC-USD,63952.1055
2026-06-23,BTC-USD,62668.0195
2026-06-24,BTC-USD,60995.1328
2026-06-25,BTC-USD,59721.6758
2026-06-26,BTC-USD,60016.4297
2026-06-29,BTC-USD,60138.3789
2026-06-30,BTC-USD,58558.8594
2026-07-01,BTC-USD,60003.7578
2026-07-02,BTC-USD,61485.3008
2026-07-03,BTC-USD,62544.1992
2026-07-06,BTC-USD,63995.0156
2026-07-07,BTC-USD,63297.3945
2026-07-08,BTC-USD,62257.5742
2026-07-09,BTC-USD,63193.1484
2026-07-10,BTC-USD,64127.1406
2026-07-13,BTC-USD,62239.1211
2026-07-14,BTC-USD,64956.1133
2026-07-15,BTC-USD,64712.375
2026-07-16,BTC-USD,63789.2812
2026-07-17,BTC-USD,63899.4609
2026-07-20,BTC-USD,65230.0273
2026-07-21,BTC-USD,66505.125
2026-07-22,BTC-USD,66100.7969
2026-07-23,BTC-USD,65044.8125
2026-07-24,BTC-USD,64098.4961
2026-07-27,BTC-USD,63724.8984
2026-07-28,BTC-USD,63871.3633
2026-07-29,BTC-USD,63908.168
2026-07-30,BTC-USD,64725.3086
2026-07-31,BTC-USD,62813.7461
2026-08-03,BTC-USD,63460.8984
2026-08-04,BTC-USD,64055.9531
2026-08-05,BTC-USD,64597.5
2026-08-06,BTC-USD,64262.1133
2026-08-07,BTC-USD,64880.1914
2026-08-10,BTC-USD,63910.5859
2026-08-11,BTC-USD,63551.875
2026-08-12,BTC-USD,63402.4336
2026-08-13,BTC-USD,63402.1719
2026-08-14,BTC-USD,62975.5938
2026-08-17,BTC-USD,64506.2539
2026-08-18,BTC-USD,64680.7109
2026-08-19,BTC-USD,69266.1875
2026-08-20,BTC-USD,73032.7578
2026-08-21,BTC-USD,78335.1875
2026-08-24,BTC-USD,78964.4844
2026-08-25,BTC-USD,78564.9766
2026-08-26,BTC-USD,79027.4219
2026-08-27,BTC-USD,80257.5391
2026-08-28,BTC-USD,77830.2891
2026-08-31,BTC-USD,78548.6328
2026-09-01,BTC-USD,77403.625
2026-09-02,BTC-USD,77300.4766
2026-09-03,BTC-USD,81271.7422
2026-09-04,BTC-USD,81271.7422
2026-05-11,CASH,100.0
2026-05-12,CASH,100.0
2026-05-13,CASH,100.0
2026-05-14,CASH,100.0
2026-05-15,CASH,100.0
2026-05-18,CASH,100.0
2026-05-19,CASH,100.0
2026-05-20,CASH,100.0
2026-05-21,CASH,100.0
2026-05-22,CASH,100.0
2026-05-25,CASH,100.0
2026-05-26,CASH,100.0
2026-05-27,CASH,100.0
2026-05-28,CASH,100.0
2026-05-29,CASH,100.0
2026-06-01,CASH,100.0
2026-06-02,CASH,100.0
2026-06-03,CASH,100.0
2026-06-04,CASH,100.0
2026-06-05,CASH,100.0
2026-06-08,CASH,100.0
2026-06-09,CASH,100.0
2026-06-10,CASH,100.0
2026-06-11,CASH,100.0
2026-06-12,CASH,100.0
2026-06-15,CASH,100.0
2026-06-16,CASH,100.0
2026-06-17,CASH,100.0
2026-06-18,CASH,100.0
2026-06-19,CASH,100.0
2026-06-22,CASH,100.0
2026-06-23,CASH,100.0
2026-06-24,CASH,100.0
2026-06-25,CASH,100.0
2026-06-26,CASH,100.0
2026-06-29,CASH,100.0
2026-06-30,CASH,100.0
2026-07-01,CASH,100.0
2026-07-02,CASH,100.0
2026-07-03,CASH,100.0
2026-07-06,CASH,100.0
2026-07-07,CASH,100.0
2026-07-08,CASH,100.0
2026-07-09,CASH,100.0
2026-07-10,CASH,100.0
2026-07-13,CASH,100.0
2026-07-14,CASH,100.0
2026-07-15,CASH,100.0
2026-07-16,CASH,100.0
2026-07-17,CASH,100.0
2026-07-20,CASH,100.0
2026-07-21,CASH,100.0
2026-07-22,CASH,100.0
2026-07-23,CASH,100.0
2026-07-24,CASH,100.0
2026-07-27,CASH,100.0
2026-07-28,CASH,100.0
2026-07-29,CASH,100.0
2026-07-30,CASH,100.0
2026-07-31,CASH,100.0
2026-08-03,CASH,100.0
2026-08-04,CASH,100.0
2026-08-05,CASH,100.0
2026-08-06,CASH,100.0
2026-08-07,CASH,100.0
2026-08-10,CASH,100.0
2026-08-11,CASH,100.0
2026-08-12,CASH,100.0
2026-08-13,CASH,100.0
2026-08-14,CASH,100.0
2026-08-17,CASH,100.0
2026-08-18,CASH,100.0
2026-08-19,CASH,100.0
2026-08-20,CASH,100.0
2026-08-21,CASH,100.0
2026-08-24,CASH,100.0
2026-08-25,CASH,100.0
2026-08-26,CASH,100.0
2026-08-27,CASH,100.0
2026-08-28,CASH,100.0
2026-08-31,CASH,100.0
2026-09-01,CASH,100.0
2026-09-02,CASH,100.0
2026-09-03,CASH,100.0
2026-09-04,CASH,100.0
2026-05-11,CRWD,135.565
2026-05-12,CRWD,136.545
2026-05-13,CRWD,140.6425
2026-05-14,CRWD,144.9875
2026-05-15,CRWD,148.52
2026-05-18,CRWD,154.7075
2026-05-19,CRWD,154.22
2026-05-20,CRWD,162.5275
2026-05-21,CRWD,162.0575
2026-05-22,CRWD,165.865
2026-05-25,CRWD,165.865
2026-05-26,CRWD,167.8875
2026-05-27,CRWD,161.34
2026-05-28,CRWD,167.75
2026-05-29,CRWD,182.75
2026-06-01,CRWD,195.5425
2026-06-02,CRWD,192.2375
2026-06-03,CRWD,186.9025
2026-06-04,CRWD,179.7725
2026-06-05,CRWD,167.755
2026-06-08,CRWD,164.6975
2026-06-09,CRWD,161.2325
2026-06-10,CRWD,161.935
2026-06-11,CRWD,172.8825
2026-06-12,CRWD,170.7
2026-06-15,CRWD,173.2275
2026-06-16,CRWD,169.8725
2026-06-17,CRWD,170.74
2026-06-18,CRWD,171.215
2026-06-19,CRWD,171.215
2026-06-22,CRWD,168.86
2026-06-23,CRWD,170.23
2026-06-24,CRWD,168.255
2026-06-25,CRWD,169.6625
2026-06-26,CRWD,175.2725
2026-06-29,CRWD,185.7275
2026-06-30,CRWD,190.785
2026-07-01,CRWD,193.185
2026-07-02,CRWD,193.98
2026-07-03,CRWD,193.98
2026-07-06,CRWD,199.38
2026-07-07,CRWD,194.62
2026-07-08,CRWD,191.12
2026-07-09,CRWD,198.4
2026-07-10,CRWD,187.18
2026-07-13,CRWD,187.91
2026-07-14,CRWD,210.73
2026-07-15,CRWD,206.77
2026-07-16,CRWD,203.76
2026-07-17,CRWD,203.08
2026-07-20,CRWD,198.49
2026-07-21,CRWD,191.15
2026-07-22,CRWD,188.42
2026-07-23,CRWD,183.42
2026-07-24,CRWD,183.28
2026-07-27,CRWD,180.11
2026-07-28,CRWD,181.8
2026-07-29,CRWD,179.38
2026-07-30,CRWD,185.22
2026-07-31,CRWD,190.86
2026-08-03,CRWD,202.54
2026-08-04,CRWD,211.22
2026-08-05,CRWD,209.86
2026-08-06,CRWD,207.39
2026-08-07,CRWD,214.42
2026-08-10,CRWD,225.16
2026-08-11,CRWD,221.9
2026-08-12,CRWD,221.78
2026-08-13,CRWD,225.53
2026-08-14,CRWD,216.95
2026-08-17,CRWD,213.9
2026-08-18,CRWD,212.92
2026-08-19,CRWD,201.63
2026-08-20,CRWD,190.34
2026-08-21,CRWD,191.95
2026-08-24,CRWD,190.68
2026-08-25,CRWD,185.38
2026-08-26,CRWD,189.18
2026-08-27,CRWD,227.96
2026-08-28,CRWD,218.4
2026-08-31,CRWD,231.0
2026-09-01,CRWD,215.07
2026-09-02,CRWD,203.42
2026-09-03,CRWD,214.97
2026-09-04,CRWD,214.97
2026-05-11,DLR,194.9403
2026-05-12,DLR,193.9767
2026-05-13,DLR,192.0297
2026-05-14,DLR,191.5628
2026-05-15,DLR,187.2615
2026-05-18,DLR,187.2515
2026-05-19,DLR,185.0462
2026-05-20,DLR,189.3873
2026-05-21,DLR,192.9833
2026-05-22,DLR,190.7581
2026-05-25,DLR,190.7581
2026-05-26,DLR,192.3873
2026-05-27,DLR,190.4403
2026-05-28,DLR,190.1621
2026-05-29,DLR,188.7416
2026-06-01,DLR,183.7747
2026-06-02,DLR,186.0197
2026-06-03,DLR,182.2846
2026-06-04,DLR,187.4502
2026-06-05,DLR,185.5528
2026-06-08,DLR,180.9436
2026-06-09,DLR,183.7052
2026-06-10,DLR,179.5827
2026-06-11,DLR,181.629
2026-06-12,DLR,182.98
2026-06-15,DLR,184.9
2026-06-16,DLR,190.45
2026-06-17,DLR,187.08
2026-06-18,DLR,188.15
2026-06-19,DLR,188.15
2026-06-22,DLR,195.54
2026-06-23,DLR,195.0
2026-06-24,DLR,193.02
2026-06-25,DLR,192.44
2026-06-26,DLR,193.0
2026-06-29,DLR,190.58
2026-06-30,DLR,179.58
2026-07-01,DLR,176.32
2026-07-02,DLR,173.3
2026-07-03,DLR,173.3
2026-07-06,DLR,173.7
2026-07-07,DLR,174.9
2026-07-08,DLR,176.3
2026-07-09,DLR,179.33
2026-07-10,DLR,180.41
2026-07-13,DLR,177.92
2026-07-14,DLR,173.11
2026-07-15,DLR,176.07
2026-07-16,DLR,173.6
2026-07-17,DLR,173.88
2026-07-20,DLR,176.25
2026-07-21,DLR,179.31
2026-07-22,DLR,178.41
2026-07-23,DLR,179.34
2026-07-24,DLR,199.08
2026-07-27,DLR,195.76
2026-07-28,DLR,193.18
2026-07-29,DLR,188.18
2026-07-30,DLR,193.19
2026-07-31,DLR,188.52
2026-08-03,DLR,191.22
2026-08-04,DLR,193.89
2026-08-05,DLR,194.93
2026-08-06,DLR,192.56
2026-08-07,DLR,193.8
2026-08-10,DLR,191.3
2026-08-11,DLR,190.81
2026-08-12,DLR,197.06
2026-08-13,DLR,197.58
2026-08-14,DLR,200.15
2026-08-17,DLR,197.91
2026-08-18,DLR,195.25
2026-08-19,DLR,192.35
2026-08-20,DLR,194.3
2026-08-21,DLR,190.62
2026-08-24,DLR,188.55
2026-08-25,DLR,192.32
2026-08-26,DLR,193.43
2026-08-27,DLR,192.1
2026-08-28,DLR,185.47
2026-08-31,DLR,185.59
2026-09-01,DLR,183.27
2026-09-02,DLR,183.76
2026-09-03,DLR,187.79
2026-09-04,DLR,187.79
2026-05-11,EQIX,1075.734
2026-05-12,EQIX,1070.198
2026-05-13,EQIX,1066.8804
2026-05-14,EQIX,1069.2573
2026-05-15,EQIX,1049.2125
2026-05-18,EQIX,1052.3619
2026-05-19,EQIX,1038.309
2026-05-20,EQIX,1059.9952
2026-05-21,EQIX,1073.2917
2026-05-22,EQIX,1074.6553
2026-05-25,EQIX,1074.6553
2026-05-26,EQIX,1072.5055
2026-05-27,EQIX,1065.1306
2026-05-28,EQIX,1064.3544
2026-05-29,EQIX,1062.9611
2026-06-01,EQIX,1045.7732
2026-06-02,EQIX,1066.7032
2026-06-03,EQIX,1071.8784
2026-06-04,EQIX,1083.9707
2026-06-05,EQIX,1075.8096
2026-06-08,EQIX,1057.6863
2026-06-09,EQIX,1054.8
2026-06-10,EQIX,1033.3923
2026-06-11,EQIX,1038.2194
2026-06-12,EQIX,1050.829
2026-06-15,EQIX,1059.3185
2026-06-16,EQIX,1089.4745
2026-06-17,EQIX,1083.3438
2026-06-18,EQIX,1086.9962
2026-06-19,EQIX,1086.9962
2026-06-22,EQIX,1110.6332
2026-06-23,EQIX,1110.6234
2026-06-24,EQIX,1089.7928
2026-06-25,EQIX,1082.438
2026-06-26,EQIX,1086.1105
2026-06-29,EQIX,1080.0096
2026-06-30,EQIX,1037.4331
2026-07-01,EQIX,1008.7999
2026-07-02,EQIX,997.2551
2026-07-03,EQIX,997.2551
2026-07-06,EQIX,994.0901
2026-07-07,EQIX,1018.0656
2026-07-08,EQIX,1011.1387
2026-07-09,EQIX,1029.9489
2026-07-10,EQIX,1046.2111
2026-07-13,EQIX,1034.5867
2026-07-14,EQIX,1018.6727
2026-07-15,EQIX,1017.7371
2026-07-16,EQIX,1004.3412
2026-07-17,EQIX,1015.1495
2026-07-20,EQIX,1012.4723
2026-07-21,EQIX,1022.9921
2026-07-22,EQIX,1023.848
2026-07-23,EQIX,1028.6351
2026-07-24,EQIX,1079.084
2026-07-27,EQIX,1041.8121
2026-07-28,EQIX,1029.9388
2026-07-29,EQIX,1003.2265
2026-07-30,EQIX,1042.5486
2026-07-31,EQIX,1014.433
2026-08-03,EQIX,1026.535
2026-08-04,EQIX,1046.5297
2026-08-05,EQIX,1051.1774
2026-08-06,EQIX,1047.8533
2026-08-07,EQIX,1037.662
2026-08-10,EQIX,1038.4183
2026-08-11,EQIX,1027.4906
2026-08-12,EQIX,1064.0857
2026-08-13,EQIX,1068.6738
2026-08-14,EQIX,1096.8591
2026-08-17,EQIX,1092.3904
2026-08-18,EQIX,1079.9299
2026-08-19,EQIX,1077.08
2026-08-20,EQIX,1082.61
2026-08-21,EQIX,1065.39
2026-08-24,EQIX,1055.2
2026-08-25,EQIX,1073.4399
2026-08-26,EQIX,1079.61
2026-08-27,EQIX,1076.45
2026-08-28,EQIX,1044.41
2026-08-31,EQIX,1046.72
2026-09-01,EQIX,1027.59
2026-09-02,EQIX,1019.24
2026-09-03,EQIX,1040.83
2026-09-04,EQIX,1040.83
2026-05-11,ETH-USD,2339.3608
2026-05-12,ETH-USD,2274.6436
2026-05-13,ETH-USD,2257.5764
2026-05-14,ETH-USD,2280.9348
2026-05-15,ETH-USD,2223.3289
2026-05-18,ETH-USD,2128.5161
2026-05-19,ETH-USD,2109.9639
2026-05-20,ETH-USD,2126.9834
2026-05-21,ETH-USD,2131.4106
2026-05-22,ETH-USD,2064.637
2026-05-25,ETH-USD,2111.3704
2026-05-26,ETH-USD,2070.8582
2026-05-27,ETH-USD,2022.1982
2026-05-28,ETH-USD,2007.5527
2026-05-29,ETH-USD,2011.9785
2026-06-01,ETH-USD,2003.2212
2026-06-02,ETH-USD,1857.7163
2026-06-03,ETH-USD,1811.7323
2026-06-04,ETH-USD,1769.5806
2026-06-05,ETH-USD,1580.8608
2026-06-08,ETH-USD,1690.1486
2026-06-09,ETH-USD,1637.7067
2026-06-10,ETH-USD,1620.1377
2026-06-11,ETH-USD,1672.2806
2026-06-12,ETH-USD,1665.1278
2026-06-15,ETH-USD,1794.9612
2026-06-16,ETH-USD,1790.3982
2026-06-17,ETH-USD,1747.8855
2026-06-18,ETH-USD,1709.5334
2026-06-19,ETH-USD,1710.9824
2026-06-22,ETH-USD,1726.5109
2026-06-23,ETH-USD,1665.4368
2026-06-24,ETH-USD,1619.9249
2026-06-25,ETH-USD,1564.8167
2026-06-26,ETH-USD,1576.6161
2026-06-29,ETH-USD,1610.2058
2026-06-30,ETH-USD,1569.5839
2026-07-01,ETH-USD,1608.9607
2026-07-02,ETH-USD,1698.1694
2026-07-03,ETH-USD,1756.5187
2026-07-06,ETH-USD,1797.5737
2026-07-07,ETH-USD,1768.5115
2026-07-08,ETH-USD,1742.6776
2026-07-09,ETH-USD,1744.4846
2026-07-10,ETH-USD,1795.6932
2026-07-13,ETH-USD,1773.5007
2026-07-14,ETH-USD,1889.4799
2026-07-15,ETH-USD,1916.9437
2026-07-16,ETH-USD,1863.1934
2026-07-17,ETH-USD,1840.9882
2026-07-20,ETH-USD,1903.7589
2026-07-21,ETH-USD,1928.3838
2026-07-22,ETH-USD,1933.4901
2026-07-23,ETH-USD,1877.1002
2026-07-24,ETH-USD,1860.1768
2026-07-27,ETH-USD,1890.6135
2026-07-28,ETH-USD,1919.9485
2026-07-29,ETH-USD,1908.519
2026-07-30,ETH-USD,1917.3729
2026-07-31,ETH-USD,1860.3459
2026-08-03,ETH-USD,1858.2565
2026-08-04,ETH-USD,1868.3859
2026-08-05,ETH-USD,1906.526
2026-08-06,ETH-USD,1902.0575
2026-08-07,ETH-USD,1913.2794
2026-08-10,ETH-USD,1871.2787
2026-08-11,ETH-USD,1881.3735
2026-08-12,ETH-USD,1878.135
2026-08-13,ETH-USD,1883.9913
2026-08-14,ETH-USD,1880.65
2026-08-17,ETH-USD,1912.2021
2026-08-18,ETH-USD,1916.4596
2026-08-19,ETH-USD,2251.458
2026-08-20,ETH-USD,2326.3848
2026-08-21,ETH-USD,2515.2817
2026-08-24,ETH-USD,2481.8313
2026-08-25,ETH-USD,2443.1594
2026-08-26,ETH-USD,2506.261
2026-08-27,ETH-USD,2510.4102
2026-08-28,ETH-USD,2442.5359
2026-08-31,ETH-USD,2466.8203
2026-09-01,ETH-USD,2417.842
2026-09-02,ETH-USD,2391.501
2026-09-03,ETH-USD,2508.0208
2026-09-04,ETH-USD,2508.0208
2026-05-11,ETN,417.9716
2026-05-12,ETN,400.5445
2026-05-13,ETN,405.9412
2026-05-14,ETN,407.0984
2026-05-15,ETN,398.4597
2026-05-18,ETN,380.9328
2026-05-19,ETN,370.9673
2026-05-20,ETN,378.7581
2026-05-21,ETN,380.5737
2026-05-22,ETN,390.3895
2026-05-25,ETN,390.3895
2026-05-26,ETN,402.1406
2026-05-27,ETN,405.3726
2026-05-28,ETN,400.9535
2026-05-29,ETN,399.6168
2026-06-01,ETN,399.0981
2026-06-02,ETN,416.595
2026-06-03,ETN,420.1762
2026-06-04,ETN,417.5826
2026-06-05,ETN,394.9682
2026-06-08,ETN,402.1506
2026-06-09,ETN,400.734
2026-06-10,ETN,374.5385
2026-06-11,ETN,392.6739
2026-06-12,ETN,390.4294
2026-06-15,ETN,406.0609
2026-06-16,ETN,406.7093
2026-06-17,ETN,408.6346
2026-06-18,ETN,420.7348
2026-06-19,ETN,420.7348
2026-06-22,ETN,434.7104
2026-06-23,ETN,404.2853
2026-06-24,ETN,403.597
2026-06-25,ETN,418.8395
2026-06-26,ETN,401.6917
2026-06-29,ETN,407.258
2026-06-30,ETN,425.0742
2026-07-01,ETN,411.298
2026-07-02,ETN,397.5419
2026-07-03,ETN,397.5419
2026-07-06,ETN,412.4053
2026-07-07,ETN,394.7089
2026-07-08,ETN,398.5793
2026-07-09,ETN,404.834
2026-07-10,ETN,406.2804
2026-07-13,ETN,401.8613
2026-07-14,ETN,414.5002
2026-07-15,ETN,411.8467
2026-07-16,ETN,395.2974
2026-07-17,ETN,399.0083
2026-07-20,ETN,400.4248
2026-07-21,ETN,401.961
2026-07-22,ETN,405.9113
2026-07-23,ETN,414.1111
2026-07-24,ETN,403.0783
2026-07-27,ETN,397.6616
2026-07-28,ETN,385.312
2026-07-29,ETN,360.9918
2026-07-30,ETN,385.9405
2026-07-31,ETN,414.181
2026-08-03,ETN,437.1544
2026-08-04,ETN,443.6784
2026-08-05,ETN,446.1822
2026-08-06,ETN,447.09
2026-08-07,ETN,448.68
2026-08-10,ETN,444.96
2026-08-11,ETN,459.29
2026-08-12,ETN,459.96
2026-08-13,ETN,453.33
2026-08-14,ETN,451.51
2026-08-17,ETN,455.4
2026-08-18,ETN,431.33
2026-08-19,ETN,424.67
2026-08-20,ETN,415.29
2026-08-21,ETN,419.2
2026-08-24,ETN,408.67
2026-08-25,ETN,409.2
2026-08-26,ETN,419.44
2026-08-27,ETN,416.04
2026-08-28,ETN,402.78
2026-08-31,ETN,401.88
2026-09-01,ETN,390.71
2026-09-02,ETN,390.85
2026-09-03,ETN,397.12
2026-09-04,ETN,397.12
2026-05-11,GD,342.5225
2026-05-12,GD,344.9419
2026-05-13,GD,339.8642
2026-05-14,GD,339.1274
2026-05-15,GD,333.0343
2026-05-18,GD,341.6065
2026-05-19,GD,338.6496
2026-05-20,GD,338.2613
2026-05-21,GD,337.2258
2026-05-22,GD,341.3875
2026-05-25,GD,341.3875
2026-05-26,GD,343.1299
2026-05-27,GD,341.1884
2026-05-28,GD,347.4309
2026-05-29,GD,345.3003
2026-06-01,GD,337.7137
2026-06-02,GD,336.1306
2026-06-03,GD,335.5631
2026-06-04,GD,340.0036
2026-06-05,GD,344.922
2026-06-08,GD,339.3664
2026-06-09,GD,344.1653
2026-06-10,GD,339.5755
2026-06-11,GD,357.2875
2026-06-12,GD,358.6416
2026-06-15,GD,357.9546
2026-06-16,GD,362.5145
2026-06-17,GD,361.2401
2026-06-18,GD,348.4763
2026-06-19,GD,348.4763
2026-06-22,GD,341.8554
2026-06-23,GD,348.8049
2026-06-24,GD,342.8112
2026-06-25,GD,343.1896
2026-06-26,GD,345.1908
2026-06-29,GD,346.5448
2026-06-30,GD,352.6878
2026-07-01,GD,361.27
2026-07-02,GD,373.54
2026-07-03,GD,373.54
2026-07-06,GD,376.88
2026-07-07,GD,374.64
2026-07-08,GD,374.31
2026-07-09,GD,374.6
2026-07-10,GD,375.06
2026-07-13,GD,372.78
2026-07-14,GD,369.5
2026-07-15,GD,365.63
2026-07-16,GD,368.82
2026-07-17,GD,368.58
2026-07-20,GD,370.6
2026-07-21,GD,367.73
2026-07-22,GD,373.16
2026-07-23,GD,381.79
2026-07-24,GD,386.75
2026-07-27,GD,389.14
2026-07-28,GD,393.19
2026-07-29,GD,380.96
2026-07-30,GD,382.2
2026-07-31,GD,383.42
2026-08-03,GD,382.43
2026-08-04,GD,385.76
2026-08-05,GD,384.08
2026-08-06,GD,386.92
2026-08-07,GD,392.05
2026-08-10,GD,395.97
2026-08-11,GD,391.89
2026-08-12,GD,394.21
2026-08-13,GD,392.96
2026-08-14,GD,395.78
2026-08-17,GD,391.14
2026-08-18,GD,393.48
2026-08-19,GD,392.34
2026-08-20,GD,386.07
2026-08-21,GD,384.29
2026-08-24,GD,383.77
2026-08-25,GD,376.58
2026-08-26,GD,382.02
2026-08-27,GD,380.06
2026-08-28,GD,379.32
2026-08-31,GD,371.35
2026-09-01,GD,369.41
2026-09-02,GD,364.07
2026-09-03,GD,365.87
2026-09-04,GD,365.87
2026-05-11,GOOGL,388.408
2026-05-12,GOOGL,387.1188
2026-05-13,GOOGL,402.3797
2026-05-14,GOOGL,400.8306
2026-05-15,GOOGL,396.5432
2026-05-18,GOOGL,396.7031
2026-05-19,GOOGL,387.4286
2026-05-20,GOOGL,388.6779
2026-05-21,GOOGL,387.4286
2026-05-22,GOOGL,382.7414
2026-05-25,GOOGL,382.7414
2026-05-26,GOOGL,388.6479
2026-05-27,GOOGL,388.5979
2026-05-28,GOOGL,389.8971
2026-05-29,GOOGL,380.1129
2026-06-01,GOOGL,376.1453
2026-06-02,GOOGL,361.634
2026-06-03,GOOGL,358.7757
2026-06-04,GOOGL,371.9678
2026-06-05,GOOGL,368.31
2026-06-08,GOOGL,363.31
2026-06-09,GOOGL,364.26
2026-06-10,GOOGL,356.38
2026-06-11,GOOGL,357.77
2026-06-12,GOOGL,359.68
2026-06-15,GOOGL,369.35
2026-06-16,GOOGL,373.25
2026-06-17,GOOGL,363.79
2026-06-18,GOOGL,368.03
2026-06-19,GOOGL,368.03
2026-06-22,GOOGL,349.68
2026-06-23,GOOGL,346.13
2026-06-24,GOOGL,345.29
2026-06-25,GOOGL,343.71
2026-06-26,GOOGL,337.39
2026-06-29,GOOGL,353.65
2026-06-30,GOOGL,357.37
2026-07-01,GOOGL,361.21
2026-07-02,GOOGL,359.91
2026-07-03,GOOGL,359.91
2026-07-06,GOOGL,366.46
2026-07-07,GOOGL,367.03
2026-07-08,GOOGL,361.92
2026-07-09,GOOGL,358.89
2026-07-10,GOOGL,357.18
2026-07-13,GOOGL,352.51
2026-07-14,GOOGL,359.51
2026-07-15,GOOGL,370.92
2026-07-16,GOOGL,354.46
2026-07-17,GOOGL,346.77
2026-07-20,GOOGL,351.99
2026-07-21,GOOGL,347.15
2026-07-22,GOOGL,342.09
2026-07-23,GOOGL,317.69
2026-07-24,GOOGL,319.74
2026-07-27,GOOGL,326.56
2026-07-28,GOOGL,333.71
2026-07-29,GOOGL,336.71
2026-07-30,GOOGL,333.66
2026-07-31,GOOGL,356.13
2026-08-03,GOOGL,373.51
2026-08-04,GOOGL,377.65
2026-08-05,GOOGL,362.43
2026-08-06,GOOGL,357.75
2026-08-07,GOOGL,354.3
2026-08-10,GOOGL,357.52
2026-08-11,GOOGL,343.8
2026-08-12,GOOGL,343.54
2026-08-13,GOOGL,346.36
2026-08-14,GOOGL,345.9
2026-08-17,GOOGL,344.0
2026-08-18,GOOGL,344.2
2026-08-19,GOOGL,344.72
2026-08-20,GOOGL,340.67
2026-08-21,GOOGL,344.82
2026-08-24,GOOGL,348.06
2026-08-25,GOOGL,346.96
2026-08-26,GOOGL,342.0
2026-08-27,GOOGL,340.65
2026-08-28,GOOGL,346.59
2026-08-31,GOOGL,339.35
2026-09-01,GOOGL,335.02
2026-09-02,GOOGL,337.12
2026-09-03,GOOGL,342.48
2026-09-04,GOOGL,342.48
2026-05-11,HON,227.8558
2026-05-12,HON,227.263
2026-05-13,HON,226.6599
2026-05-14,HON,226.4103
2026-05-15,HON,222.9702
2026-05-18,HON,227.1423
2026-05-19,HON,227.0586
2026-05-20,HON,227.3096
2026-05-21,HON,234.0121
2026-05-22,HON,238.3201
2026-05-25,HON,238.3201
2026-05-26,HON,242.2934
2026-05-27,HON,242.1157
2026-05-28,HON,243.6319
2026-05-29,HON,248.7136
2026-06-01,HON,247.3334
2026-06-02,HON,245.9636
2026-06-03,HON,233.4474
2026-06-04,HON,227.571
2026-06-05,HON,223.7335
2026-06-08,HON,221.4645
2026-06-09,HON,225.5424
2026-06-10,HON,215.2744
2026-06-11,HON,229.1185
2026-06-12,HON,230.3628
2026-06-15,HON,237.7868
2026-06-16,HON,239.9617
2026-06-17,HON,239.0415
2026-06-18,HON,239.4598
2026-06-19,HON,239.4598
2026-06-22,HON,238.5187
2026-06-23,HON,232.5168
2026-06-24,HON,237.7972
2026-06-25,HON,241.7915
2026-06-26,HON,242.8058
2026-06-29,HON,227.1185
2026-06-30,HON,223.2302
2026-07-01,HON,221.0866
2026-07-02,HON,229.1724
2026-07-03,HON,229.1724
2026-07-06,HON,230.4884
2026-07-07,HON,224.3768
2026-07-08,HON,219.7008
2026-07-09,HON,222.7516
2026-07-10,HON,225.7426
2026-07-13,HON,221.5851
2026-07-14,HON,222.0138
2026-07-15,HON,222.1734
2026-07-16,HON,225.6529
2026-07-17,HON,224.3468
2026-07-20,HON,225.5034
2026-07-21,HON,229.1724
2026-07-22,HON,232.293
2026-07-23,HON,245.5333
2026-07-24,HON,242.4226
2026-07-27,HON,245.0148
2026-07-28,HON,246.3109
2026-07-29,HON,240.3987
2026-07-30,HON,241.1863
2026-07-31,HON,242.3229
2026-08-03,HON,246.0318
2026-08-04,HON,248.0457
2026-08-05,HON,247.3777
2026-08-06,HON,240.0198
2026-08-07,HON,245.4734
2026-08-10,HON,242.2032
2026-08-11,HON,229.4316
2026-08-12,HON,234.636
2026-08-13,HON,233.29
2026-08-14,HON,233.96
2026-08-17,HON,229.45
2026-08-18,HON,227.71
2026-08-19,HON,221.73
2026-08-20,HON,218.32
2026-08-21,HON,215.9
2026-08-24,HON,214.77
2026-08-25,HON,215.68
2026-08-26,HON,220.67
2026-08-27,HON,220.39
2026-08-28,HON,217.43
2026-08-31,HON,213.53
2026-09-01,HON,209.98
2026-09-02,HON,206.07
2026-09-03,HON,207.63
2026-09-04,HON,207.63
2026-05-11,HYG,78.3932
2026-05-12,HYG,78.2854
2026-05-13,HYG,78.3246
2026-05-14,HYG,78.2658
2026-05-15,HYG,77.8835
2026-05-18,HYG,77.962
2026-05-19,HYG,77.7757
2026-05-20,HYG,78.2756
2026-05-21,HYG,78.3148
2026-05-22,HYG,78.3246
2026-05-25,HYG,78.3246
2026-05-26,HYG,78.5892
2026-05-27,HYG,78.5402
2026-05-28,HYG,78.6383
2026-05-29,HYG,78.7167
2026-06-01,HYG,78.6566
2026-06-02,HYG,78.7157
2026-06-03,HYG,78.4989
2026-06-04,HYG,78.6467
2026-06-05,HYG,78.2527
2026-06-08,HYG,78.361
2026-06-09,HYG,78.4398
2026-06-10,HYG,78.2921
2026-06-11,HYG,78.7551
2026-06-12,HYG,78.7551
2026-06-15,HYG,78.8536
2026-06-16,HYG,78.8438
2026-06-17,HYG,78.5482
2026-06-18,HYG,78.8241
2026-06-19,HYG,78.8241
2026-06-22,HYG,78.7551
2026-06-23,HYG,78.6861
2026-06-24,HYG,78.6664
2026-06-25,HYG,78.696
2026-06-26,HYG,78.6467
2026-06-29,HYG,78.8241
2026-06-30,HYG,78.7847
2026-07-01,HYG,78.7738
2026-07-02,HYG,78.8925
2026-07-03,HYG,78.8925
2026-07-06,HYG,79.0509
2026-07-07,HYG,78.942
2026-07-08,HYG,78.843
2026-07-09,HYG,78.9321
2026-07-10,HYG,78.8925
2026-07-13,HYG,78.7045
2026-07-14,HYG,78.8628
2026-07-15,HYG,78.9915
2026-07-16,HYG,78.9816
2026-07-17,HYG,78.8331
2026-07-20,HYG,78.8628
2026-07-21,HYG,78.8331
2026-07-22,HYG,78.7045
2026-07-23,HYG,78.4175
2026-07-24,HYG,78.4175
2026-07-27,HYG,78.457
2026-07-28,HYG,78.6055
2026-07-29,HYG,78.4274
2026-07-30,HYG,78.655
2026-07-31,HYG,78.6649
2026-08-03,HYG,78.8777
2026-08-04,HYG,79.1164
2026-08-05,HYG,79.0866
2026-08-06,HYG,79.0269
2026-08-07,HYG,79.1761
2026-08-10,HYG,79.0468
2026-08-11,HYG,79.0766
2026-08-12,HYG,79.1761
2026-08-13,HYG,79.3551
2026-08-14,HYG,79.2755
2026-08-17,HYG,79.1761
2026-08-18,HYG,79.0965
2026-08-19,HYG,79.2755
2026-08-20,HYG,79.1264
2026-08-21,HYG,79.1761
2026-08-24,HYG,79.2656
2026-08-25,HYG,79.4844
2026-08-26,HYG,79.4645
2026-08-27,HYG,79.4347
2026-08-28,HYG,79.3054
2026-08-31,HYG,79.375
2026-09-01,HYG,79.1
2026-09-02,HYG,79.11
2026-09-03,HYG,79.21
2026-09-04,HYG,79.21
2026-05-11,IEI,116.3143
2026-05-12,IEI,116.0477
2026-05-13,IEI,116.0971
2026-05-14,IEI,115.9786
2026-05-15,IEI,115.475
2026-05-18,IEI,115.4652
2026-05-19,IEI,115.1986
2026-05-20,IEI,115.6626
2026-05-21,IEI,115.6824
2026-05-22,IEI,115.6626
2026-05-25,IEI,115.6626
2026-05-26,IEI,115.9588
2026-05-27,IEI,115.9983
2026-05-28,IEI,116.1267
2026-05-29,IEI,116.2551
2026-06-01,IEI,116.1154
2026-06-02,IEI,116.1055
2026-06-03,IEI,115.9569
2026-06-04,IEI,116.0659
2026-06-05,IEI,115.6202
2026-06-08,IEI,115.6003
2026-06-09,IEI,115.7786
2026-06-10,IEI,115.739
2026-06-11,IEI,116.2343
2026-06-12,IEI,116.0956
2026-06-15,IEI,116.2243
2026-06-16,IEI,116.3729
2026-06-17,IEI,115.7885
2026-06-18,IEI,116.0758
2026-06-19,IEI,116.0758
2026-06-22,IEI,115.8083
2026-06-23,IEI,115.9569
2026-06-24,IEI,116.3531
2026-06-25,IEI,116.4522
2026-06-26,IEI,116.6899
2026-06-29,IEI,116.6602
2026-06-30,IEI,116.3333
2026-07-01,IEI,116.1972
2026-07-02,IEI,116.3562
2026-07-03,IEI,116.3562
2026-07-06,IEI,116.4456
2026-07-07,IEI,116.0879
2026-07-08,IEI,115.9289
2026-07-09,IEI,116.0879
2026-07-10,IEI,116.0183
2026-07-13,IEI,115.7004
2026-07-14,IEI,115.9885
2026-07-15,IEI,116.227
2026-07-16,IEI,116.1972
2026-07-17,IEI,116.227
2026-07-20,IEI,116.0084
2026-07-21,IEI,115.7998
2026-07-22,IEI,115.611
2026-07-23,IEI,115.4123
2026-07-24,IEI,115.5812
2026-07-27,IEI,115.7104
2026-07-28,IEI,115.9289
2026-07-29,IEI,115.8196
2026-07-30,IEI,115.8892
2026-07-31,IEI,115.7302
2026-08-03,IEI,115.8488
2026-08-04,IEI,116.1878
2026-08-05,IEI,116.2376
2026-08-06,IEI,115.9585
2026-08-07,IEI,116.1778
2026-08-10,IEI,115.8787
2026-08-11,IEI,115.9784
2026-08-12,IEI,116.0881
2026-08-13,IEI,116.3971
2026-08-14,IEI,116.2177
2026-08-17,IEI,116.1479
2026-08-18,IEI,116.2077
2026-08-19,IEI,116.3771
2026-08-20,IEI,116.1778
2026-08-21,IEI,116.0382
2026-08-24,IEI,116.1279
2026-08-25,IEI,116.4868
2026-08-26,IEI,116.3273
2026-08-27,IEI,116.2276
2026-08-28,IEI,115.8189
2026-08-31,IEI,115.799
2026-09-01,IEI,115.53
2026-09-02,IEI,115.63
2026-09-03,IEI,115.71
2026-09-04,IEI,115.71
2026-05-11,ILMN,142.51
2026-05-12,ILMN,145.7
2026-05-13,ILMN,145.0
2026-05-14,ILMN,143.24
2026-05-15,ILMN,142.54
2026-05-18,ILMN,141.51
2026-05-19,ILMN,141.68
2026-05-20,ILMN,141.92
2026-05-21,ILMN,144.83
2026-05-22,ILMN,144.41
2026-05-25,ILMN,144.41
2026-05-26,ILMN,145.23
2026-05-27,ILMN,150.17
2026-05-28,ILMN,158.7
2026-05-29,ILMN,162.96
2026-06-01,ILMN,164.4
2026-06-02,ILMN,162.55
2026-06-03,ILMN,170.93
2026-06-04,ILMN,168.06
2026-06-05,ILMN,162.32
2026-06-08,ILMN,158.04
2026-06-09,ILMN,160.03
2026-06-10,ILMN,162.47
2026-06-11,ILMN,166.21
2026-06-12,ILMN,160.97
2026-06-15,ILMN,166.89
2026-06-16,ILMN,164.28
2026-06-17,ILMN,159.09
2026-06-18,ILMN,161.93
2026-06-19,ILMN,161.93
2026-06-22,ILMN,161.38
2026-06-23,ILMN,164.93
2026-06-24,ILMN,175.09
2026-06-25,ILMN,177.65
2026-06-26,ILMN,176.55
2026-06-29,ILMN,181.1
2026-06-30,ILMN,175.83
2026-07-01,ILMN,183.89
2026-07-02,ILMN,188.68
2026-07-03,ILMN,188.68
2026-07-06,ILMN,194.33
2026-07-07,ILMN,191.76
2026-07-08,ILMN,187.81
2026-07-09,ILMN,193.76
2026-07-10,ILMN,190.2
2026-07-13,ILMN,190.05
2026-07-14,ILMN,191.2
2026-07-15,ILMN,187.15
2026-07-16,ILMN,190.25
2026-07-17,ILMN,186.65
2026-07-20,ILMN,184.68
2026-07-21,ILMN,192.53
2026-07-22,ILMN,190.87
2026-07-23,ILMN,196.86
2026-07-24,ILMN,194.09
2026-07-27,ILMN,189.47
2026-07-28,ILMN,192.98
2026-07-29,ILMN,194.82
2026-07-30,ILMN,205.09
2026-07-31,ILMN,205.1
2026-08-03,ILMN,198.16
2026-08-04,ILMN,203.01
2026-08-05,ILMN,199.87
2026-08-06,ILMN,193.72
2026-08-07,ILMN,187.96
2026-08-10,ILMN,191.79
2026-08-11,ILMN,192.84
2026-08-12,ILMN,192.91
2026-08-13,ILMN,192.64
2026-08-14,ILMN,190.89
2026-08-17,ILMN,193.14
2026-08-18,ILMN,188.29
2026-08-19,ILMN,205.0
2026-08-20,ILMN,213.24
2026-08-21,ILMN,219.4
2026-08-24,ILMN,223.22
2026-08-25,ILMN,224.99
2026-08-26,ILMN,224.84
2026-08-27,ILMN,227.69
2026-08-28,ILMN,215.59
2026-08-31,ILMN,213.63
2026-09-01,ILMN,207.13
2026-09-02,ILMN,213.25
2026-09-03,ILMN,221.66
2026-09-04,ILMN,221.66
2026-05-11,JNJ,219.0833
2026-05-12,JNJ,221.8833
2026-05-13,JNJ,227.978
2026-05-14,JNJ,228.354
2026-05-15,JNJ,224.3074
2026-05-18,JNJ,226.4939
2026-05-19,JNJ,227.5625
2026-05-20,JNJ,226.8897
2026-05-21,JNJ,229.2742
2026-05-22,JNJ,231.8565
2026-05-25,JNJ,231.8565
2026-05-26,JNJ,229.0503
2026-05-27,JNJ,230.1549
2026-05-28,JNJ,229.6673
2026-05-29,JNJ,224.2241
2026-06-01,JNJ,222.4131
2026-06-02,JNJ,221.7961
2026-06-03,JNJ,222.1444
2026-06-04,JNJ,227.0502
2026-06-05,JNJ,231.6276
2026-06-08,JNJ,231.0206
2026-06-09,JNJ,235.8369
2026-06-10,JNJ,237.3196
2026-06-11,JNJ,237.1603
2026-06-12,JNJ,239.6879
2026-06-15,JNJ,234.5034
2026-06-16,JNJ,234.0258
2026-06-17,JNJ,233.0506
2026-06-18,JNJ,227.2691
2026-06-19,JNJ,227.2691
2026-06-22,JNJ,230.1549
2026-06-23,JNJ,237.9067
2026-06-24,JNJ,239.8172
2026-06-25,JNJ,243.6782
2026-06-26,JNJ,253.4102
2026-06-29,JNJ,257.2413
2026-06-30,JNJ,252.7236
2026-07-01,JNJ,252.7335
2026-07-02,JNJ,261.7491
2026-07-03,JNJ,261.7491
2026-07-06,JNJ,258.0573
2026-07-07,JNJ,265.9284
2026-07-08,JNJ,262.1073
2026-07-09,JNJ,257.8284
2026-07-10,JNJ,255.7188
2026-07-13,JNJ,256.5049
2026-07-14,JNJ,252.6042
2026-07-15,JNJ,245.8077
2026-07-16,JNJ,248.7432
2026-07-17,JNJ,251.7981
2026-07-20,JNJ,247.5989
2026-07-21,JNJ,249.3801
2026-07-22,JNJ,254.3754
2026-07-23,JNJ,257.9976
2026-07-24,JNJ,262.1073
2026-07-27,JNJ,264.6448
2026-07-28,JNJ,265.421
2026-07-29,JNJ,264.2268
2026-07-30,JNJ,254.5645
2026-07-31,JNJ,255.0919
2026-08-03,JNJ,253.1614
2026-08-04,JNJ,253.6789
2026-08-05,JNJ,256.3258
2026-08-06,JNJ,255.7188
2026-08-07,JNJ,257.9677
2026-08-10,JNJ,260.5251
2026-08-11,JNJ,258.525
2026-08-12,JNJ,259.5797
2026-08-13,JNJ,260.7938
2026-08-14,JNJ,259.0723
2026-08-17,JNJ,261.0824
2026-08-18,JNJ,269.7794
2026-08-19,JNJ,272.0682
2026-08-20,JNJ,266.0578
2026-08-21,JNJ,268.9137
2026-08-24,JNJ,271.7
2026-08-25,JNJ,273.14
2026-08-26,JNJ,270.0
2026-08-27,JNJ,265.77
2026-08-28,JNJ,268.04
2026-08-31,JNJ,265.85
2026-09-01,JNJ,271.19
2026-09-02,JNJ,275.21
2026-09-03,JNJ,278.43
2026-09-04,JNJ,278.43
2026-05-11,JPM,298.6546
2026-05-12,JPM,303.5127
2026-05-13,JPM,298.9035
2026-05-14,JPM,298.565
2026-05-15,JPM,296.4744
2026-05-18,JPM,299.3813
2026-05-19,JPM,294.3739
2026-05-20,JPM,300.6257
2026-05-21,JPM,301.6411
2026-05-22,JPM,305.006
2026-05-25,JPM,305.006
2026-05-26,JPM,305.3643
2026-05-27,JPM,297.9378
2026-05-28,JPM,295.3993
2026-05-29,JPM,297.9677
2026-06-01,JPM,295.2499
2026-06-02,JPM,299.6103
2026-06-03,JPM,299.5008
2026-06-04,JPM,309.4958
2026-06-05,JPM,310.9691
2026-06-08,JPM,309.7148
2026-06-09,JPM,311.2976
2026-06-10,JPM,307.7536
2026-06-11,JPM,312.0841
2026-06-12,JPM,319.2817
2026-06-15,JPM,317.9676
2026-06-16,JPM,329.6549
2026-06-17,JPM,331.9645
2026-06-18,JPM,323.7615
2026-06-19,JPM,323.7615
2026-06-22,JPM,329.9934
2026-06-23,JPM,332.6415
2026-06-24,JPM,331.9546
2026-06-25,JPM,333.6171
2026-06-26,JPM,327.5743
2026-06-29,JPM,327.9128
2026-06-30,JPM,325.862
2026-07-01,JPM,332.5718
2026-07-02,JPM,332.97
2026-07-03,JPM,332.97
2026-07-06,JPM,337.72
2026-07-07,JPM,339.22
2026-07-08,JPM,330.62
2026-07-09,JPM,335.47
2026-07-10,JPM,336.47
2026-07-13,JPM,334.53
2026-07-14,JPM,342.89
2026-07-15,JPM,346.91
2026-07-16,JPM,343.15
2026-07-17,JPM,341.1
2026-07-20,JPM,338.87
2026-07-21,JPM,345.23
2026-07-22,JPM,348.21
2026-07-23,JPM,349.9
2026-07-24,JPM,353.21
2026-07-27,JPM,356.2
2026-07-28,JPM,357.31
2026-07-29,JPM,344.71
2026-07-30,JPM,350.85
2026-07-31,JPM,351.79
2026-08-03,JPM,352.64
2026-08-04,JPM,357.52
2026-08-05,JPM,359.24
2026-08-06,JPM,356.3
2026-08-07,JPM,357.52
2026-08-10,JPM,359.79
2026-08-11,JPM,362.04
2026-08-12,JPM,365.18
2026-08-13,JPM,363.11
2026-08-14,JPM,362.84
2026-08-17,JPM,360.96
2026-08-18,JPM,363.25
2026-08-19,JPM,357.26
2026-08-20,JPM,351.55
2026-08-21,JPM,351.58
2026-08-24,JPM,356.39
2026-08-25,JPM,356.69
2026-08-26,JPM,356.5
2026-08-27,JPM,354.22
2026-08-28,JPM,357.62
2026-08-31,JPM,356.02
2026-09-01,JPM,354.95
2026-09-02,JPM,356.22
2026-09-03,JPM,362.06
2026-09-04,JPM,362.06
2026-05-11,LDO.MI,50.6962
2026-05-12,LDO.MI,49.3969
2026-05-13,LDO.MI,49.2437
2026-05-14,LDO.MI,49.2586
2026-05-15,LDO.MI,48.4039
2026-05-18,LDO.MI,49.3277
2026-05-19,LDO.MI,50.3207
2026-05-20,LDO.MI,51.536
2026-05-21,LDO.MI,50.7357
2026-05-22,LDO.MI,51.6941
2026-05-25,LDO.MI,51.3977
2026-05-26,LDO.MI,52.0004
2026-05-27,LDO.MI,51.0321
2026-05-28,LDO.MI,53.7689
2026-05-29,LDO.MI,53.7689
2026-06-01,LDO.MI,51.8423
2026-06-02,LDO.MI,51.7138
2026-06-03,LDO.MI,50.2614
2026-06-04,LDO.MI,50.6467
2026-06-05,LDO.MI,51.2396
2026-06-08,LDO.MI,50.7752
2026-06-09,LDO.MI,51.4075
2026-06-10,LDO.MI,51.6941
2026-06-11,LDO.MI,53.0674
2026-06-12,LDO.MI,52.8402
2026-06-15,LDO.MI,51.3779
2026-06-16,LDO.MI,51.0815
2026-06-17,LDO.MI,51.6842
2026-06-18,LDO.MI,51.1803
2026-06-19,LDO.MI,52.03
2026-06-22,LDO.MI,50.08
2026-06-23,LDO.MI,50.43
2026-06-24,LDO.MI,48.03
2026-06-25,LDO.MI,46.125
2026-06-26,LDO.MI,46.255
2026-06-29,LDO.MI,46.06
2026-06-30,LDO.MI,46.925
2026-07-01,LDO.MI,48.76
2026-07-02,LDO.MI,51.94
2026-07-03,LDO.MI,52.53
2026-07-06,LDO.MI,54.92
2026-07-07,LDO.MI,53.93
2026-07-08,LDO.MI,53.37
2026-07-09,LDO.MI,52.19
2026-07-10,LDO.MI,51.82
2026-07-13,LDO.MI,51.15
2026-07-14,LDO.MI,51.0
2026-07-15,LDO.MI,50.37
2026-07-16,LDO.MI,49.61
2026-07-17,LDO.MI,50.75
2026-07-20,LDO.MI,49.905
2026-07-21,LDO.MI,50.66
2026-07-22,LDO.MI,51.16
2026-07-23,LDO.MI,51.88
2026-07-24,LDO.MI,52.26
2026-07-27,LDO.MI,53.05
2026-07-28,LDO.MI,54.05
2026-07-29,LDO.MI,53.73
2026-07-30,LDO.MI,53.72
2026-07-31,LDO.MI,55.12
2026-08-03,LDO.MI,54.71
2026-08-04,LDO.MI,56.53
2026-08-05,LDO.MI,57.4
2026-08-06,LDO.MI,58.55
2026-08-07,LDO.MI,58.04
2026-08-10,LDO.MI,58.51
2026-08-11,LDO.MI,58.9
2026-08-12,LDO.MI,59.74
2026-08-13,LDO.MI,59.3
2026-08-14,LDO.MI,59.9
2026-08-17,LDO.MI,59.71
2026-08-18,LDO.MI,59.16
2026-08-19,LDO.MI,58.47
2026-08-20,LDO.MI,57.33
2026-08-21,LDO.MI,56.25
2026-08-24,LDO.MI,54.77
2026-08-25,LDO.MI,54.41
2026-08-26,LDO.MI,54.12
2026-08-27,LDO.MI,55.05
2026-08-28,LDO.MI,52.87
2026-08-31,LDO.MI,51.72
2026-09-01,LDO.MI,51.05
2026-09-02,LDO.MI,51.39
2026-09-03,LDO.MI,50.64
2026-09-04,LDO.MI,50.64
2026-05-11,LMT,505.7899
2026-05-12,LMT,514.4296
2026-05-13,LMT,513.3829
2026-05-14,LMT,513.847
2026-05-15,LMT,509.5025
2026-05-18,LMT,521.6474
2026-05-19,LMT,519.9886
2026-05-20,LMT,515.9996
2026-05-21,LMT,516.197
2026-05-22,LMT,526.5153
2026-05-25,LMT,526.5153
2026-05-26,LMT,526.1796
2026-05-27,LMT,524.4417
2026-05-28,LMT,530.4352
2026-05-29,LMT,523.7604
2026-06-01,LMT,513.325
2026-06-02,LMT,510.2738
2026-06-03,LMT,508.8825
2026-06-04,LMT,515.8593
2026-06-05,LMT,520.5403
2026-06-08,LMT,516.873
2026-06-09,LMT,526.8712
2026-06-10,LMT,521.7926
2026-06-11,LMT,545.3071
2026-06-12,LMT,537.0085
2026-06-15,LMT,527.0997
2026-06-16,LMT,532.6554
2026-06-17,LMT,529.0477
2026-06-18,LMT,507.8091
2026-06-19,LMT,507.8091
2026-06-22,LMT,490.5657
2026-06-23,LMT,500.5739
2026-06-24,LMT,488.6178
2026-06-25,LMT,501.9155
2026-06-26,LMT,504.2809
2026-06-29,LMT,498.9837
2026-06-30,LMT,506.3282
2026-07-01,LMT,518.6122
2026-07-02,LMT,542.5541
2026-07-03,LMT,542.5541
2026-07-06,LMT,534.6928
2026-07-07,LMT,532.0889
2026-07-08,LMT,524.7145
2026-07-09,LMT,515.0742
2026-07-10,LMT,520.0036
2026-07-13,LMT,517.4792
2026-07-14,LMT,511.8242
2026-07-15,LMT,511.2975
2026-07-16,LMT,510.3633
2026-07-17,LMT,505.6425
2026-07-20,LMT,506.4078
2026-07-21,LMT,503.9728
2026-07-22,LMT,511.1981
2026-07-23,LMT,565.0948
2026-07-24,LMT,579.0186
2026-07-27,LMT,576.4346
2026-07-28,LMT,577.7366
2026-07-29,LMT,565.701
2026-07-30,LMT,570.5808
2026-07-31,LMT,579.1578
2026-08-03,LMT,582.6859
2026-08-04,LMT,585.7073
2026-08-05,LMT,574.0494
2026-08-06,LMT,579.2671
2026-08-07,LMT,584.3358
2026-08-10,LMT,599.4522
2026-08-11,LMT,594.0954
2026-08-12,LMT,602.9904
2026-08-13,LMT,594.3339
2026-08-14,LMT,604.9383
2026-08-17,LMT,590.0901
2026-08-18,LMT,603.4376
2026-08-19,LMT,585.5284
2026-08-20,LMT,567.967
2026-08-21,LMT,560.1057
2026-08-24,LMT,560.6721
2026-08-25,LMT,553.099
2026-08-26,LMT,562.143
2026-08-27,LMT,562.4114
2026-08-28,LMT,560.3839
2026-08-31,LMT,557.78
2026-09-01,LMT,544.5
2026-09-02,LMT,531.55
2026-09-03,LMT,532.95
2026-09-04,LMT,532.95
2026-05-11,MSFT,410.9944
2026-05-12,MSFT,406.1242
2026-05-13,MSFT,403.5745
2026-05-14,MSFT,407.7775
2026-05-15,MSFT,420.2171
2026-05-18,MSFT,421.8306
2026-05-19,MSFT,415.7353
2026-05-20,MSFT,419.3605
2026-05-21,MSFT,418.3025
2026-05-22,MSFT,417.7835
2026-05-25,MSFT,417.7835
2026-05-26,MSFT,415.2483
2026-05-27,MSFT,411.8946
2026-05-28,MSFT,426.1877
2026-05-29,MSFT,449.394
2026-06-01,MSFT,459.6547
2026-06-02,MSFT,440.4808
2026-06-03,MSFT,426.537
2026-06-04,MSFT,427.2457
2026-06-05,MSFT,415.8871
2026-06-08,MSFT,410.9663
2026-06-09,MSFT,402.652
2026-06-10,MSFT,396.6133
2026-06-11,MSFT,389.6066
2026-06-12,MSFT,390.0058
2026-06-15,MSFT,399.0089
2026-06-16,MSFT,393.09
2026-06-17,MSFT,378.198
2026-06-18,MSFT,378.6871
2026-06-19,MSFT,378.6871
2026-06-22,MSFT,366.6498
2026-06-23,MSFT,373.2374
2026-06-24,MSFT,364.7733
2026-06-25,MSFT,352.167
2026-06-26,MSFT,372.2692
2026-06-29,MSFT,367.8775
2026-06-30,MSFT,372.3191
2026-07-01,MSFT,383.558
2026-07-02,MSFT,389.7563
2026-07-03,MSFT,389.7563
2026-07-06,MSFT,386.0133
2026-07-07,MSFT,388.1094
2026-07-08,MSFT,382.6197
2026-07-09,MSFT,383.6378
2026-07-10,MSFT,384.3764
2026-07-13,MSFT,390.2553
2026-07-14,MSFT,384.2067
2026-07-15,MSFT,394.8866
2026-07-16,MSFT,400.3463
2026-07-17,MSFT,393.08
2026-07-20,MSFT,401.5341
2026-07-21,MSFT,397.0026
2026-07-22,MSFT,389.6066
2026-07-23,MSFT,380.863
2026-07-24,MSFT,380.9828
2026-07-27,MSFT,388.3689
2026-07-28,MSFT,392.6109
2026-07-29,MSFT,389.8062
2026-07-30,MSFT,450.2524
2026-07-31,MSFT,463.8468
2026-08-03,MSFT,486.7337
2026-08-04,MSFT,491.884
2026-08-05,MSFT,486.5441
2026-08-06,MSFT,498.9207
2026-08-07,MSFT,499.0505
2026-08-10,MSFT,505.1091
2026-08-11,MSFT,502.8633
2026-08-12,MSFT,491.5047
2026-08-13,MSFT,495.9464
2026-08-14,MSFT,494.4691
2026-08-17,MSFT,479.4474
2026-08-18,MSFT,480.725
2026-08-19,MSFT,483.4
2026-08-20,MSFT,481.15
2026-08-21,MSFT,483.24
2026-08-24,MSFT,487.31
2026-08-25,MSFT,491.71
2026-08-26,MSFT,496.37
2026-08-27,MSFT,505.06
2026-08-28,MSFT,513.53
2026-08-31,MSFT,507.29
2026-09-01,MSFT,501.02
2026-09-02,MSFT,496.82
2026-09-03,MSFT,510.12
2026-09-04,MSFT,510.12
2026-05-11,NOC,543.3367
2026-05-12,NOC,553.337
2026-05-13,NOC,546.8948
2026-05-14,NOC,543.7728
2026-05-15,NOC,535.8835
2026-05-18,NOC,545.1108
2026-05-19,NOC,551.3945
2026-05-20,NOC,547.2615
2026-05-21,NOC,546.6768
2026-05-22,NOC,550.6412
2026-05-25,NOC,550.6412
2026-05-26,NOC,551.8503
2026-05-27,NOC,546.439
2026-05-28,NOC,554.3182
2026-05-29,NOC,558.6692
2026-06-01,NOC,536.7787
2026-06-02,NOC,534.1606
2026-06-03,NOC,523.6783
2026-06-04,NOC,542.7018
2026-06-05,NOC,541.9353
2026-06-08,NOC,538.3615
2026-06-09,NOC,546.1859
2026-06-10,NOC,539.6855
2026-06-11,NOC,550.0186
2026-06-12,NOC,547.8384
2026-06-15,NOC,542.2638
2026-06-16,NOC,548.7145
2026-06-17,NOC,547.6593
2026-06-18,NOC,519.139
2026-06-19,NOC,519.139
2026-06-22,NOC,505.0331
2026-06-23,NOC,510.8964
2026-06-24,NOC,500.7327
2026-06-25,NOC,497.0693
2026-06-26,NOC,497.7662
2026-06-29,NOC,493.7743
2026-06-30,NOC,507.0042
2026-07-01,NOC,517.596
2026-07-02,NOC,546.5244
2026-07-03,NOC,546.5244
2026-07-06,NOC,545.2701
2026-07-07,NOC,546.5543
2026-07-08,NOC,542.6421
2026-07-09,NOC,529.8204
2026-07-10,NOC,537.1869
2026-07-13,NOC,539.367
2026-07-14,NOC,526.2765
2026-07-15,NOC,522.8421
2026-07-16,NOC,516.3019
2026-07-17,NOC,519.2087
2026-07-20,NOC,521.5878
2026-07-21,NOC,509.9706
2026-07-22,NOC,522.9019
2026-07-23,NOC,531.0647
2026-07-24,NOC,539.785
2026-07-27,NOC,545.1009
2026-07-28,NOC,546.7335
2026-07-29,NOC,532.6276
2026-07-30,NOC,532.4285
2026-07-31,NOC,540.024
2026-08-03,NOC,545.9868
2026-08-04,NOC,549.0529
2026-08-05,NOC,554.9461
2026-08-06,NOC,565.1696
2026-08-07,NOC,568.9922
2026-08-10,NOC,575.2737
2026-08-11,NOC,573.0836
2026-08-12,NOC,574.7062
2026-08-13,NOC,572.1379
2026-08-14,NOC,583.2175
2026-08-17,NOC,567.6185
2026-08-18,NOC,586.4728
2026-08-19,NOC,580.2013
2026-08-20,NOC,561.3072
2026-08-21,NOC,548.5353
2026-08-24,NOC,546.7932
2026-08-25,NOC,540.0638
2026-08-26,NOC,547.4601
2026-08-27,NOC,542.662
2026-08-28,NOC,543.1
2026-08-31,NOC,539.7
2026-09-01,NOC,532.91
2026-09-02,NOC,523.82
2026-09-03,NOC,528.24
2026-09-04,NOC,528.24
2026-05-11,NVDA,219.1845
2026-05-12,NVDA,220.523
2026-05-13,NVDA,225.5671
2026-05-14,NVDA,235.4656
2026-05-15,NVDA,225.0577
2026-05-18,NVDA,222.0612
2026-05-19,NVDA,220.3532
2026-05-20,NVDA,223.2099
2026-05-21,NVDA,219.2545
2026-05-22,NVDA,215.0793
2026-05-25,NVDA,215.0793
2026-05-26,NVDA,214.6099
2026-05-27,NVDA,212.3525
2026-05-28,NVDA,214.0006
2026-05-29,NVDA,210.8942
2026-06-01,NVDA,224.0988
2026-06-02,NVDA,222.5606
2026-06-03,NVDA,214.5
2026-06-04,NVDA,218.66
2026-06-05,NVDA,205.1
2026-06-08,NVDA,208.64
2026-06-09,NVDA,208.19
2026-06-10,NVDA,200.42
2026-06-11,NVDA,204.87
2026-06-12,NVDA,205.19
2026-06-15,NVDA,212.45
2026-06-16,NVDA,207.41
2026-06-17,NVDA,204.65
2026-06-18,NVDA,210.69
2026-06-19,NVDA,210.69
2026-06-22,NVDA,208.65
2026-06-23,NVDA,200.04
2026-06-24,NVDA,199.0
2026-06-25,NVDA,195.74
2026-06-26,NVDA,192.53
2026-06-29,NVDA,194.97
2026-06-30,NVDA,200.09
2026-07-01,NVDA,197.58
2026-07-02,NVDA,194.83
2026-07-03,NVDA,194.83
2026-07-06,NVDA,195.55
2026-07-07,NVDA,196.93
2026-07-08,NVDA,204.12
2026-07-09,NVDA,202.78
2026-07-10,NVDA,210.96
2026-07-13,NVDA,203.53
2026-07-14,NVDA,211.8
2026-07-15,NVDA,212.5
2026-07-16,NVDA,207.4
2026-07-17,NVDA,202.81
2026-07-20,NVDA,203.28
2026-07-21,NVDA,207.29
2026-07-22,NVDA,212.06
2026-07-23,NVDA,208.76
2026-07-24,NVDA,206.84
2026-07-27,NVDA,196.51
2026-07-28,NVDA,197.01
2026-07-29,NVDA,190.01
2026-07-30,NVDA,195.04
2026-07-31,NVDA,200.75
2026-08-03,NVDA,206.64
2026-08-04,NVDA,211.94
2026-08-05,NVDA,219.22
2026-08-06,NVDA,218.99
2026-08-07,NVDA,223.96
2026-08-10,NVDA,217.55
2026-08-11,NVDA,217.5
2026-08-12,NVDA,224.09
2026-08-13,NVDA,225.3
2026-08-14,NVDA,225.16
2026-08-17,NVDA,225.01
2026-08-18,NVDA,219.74
2026-08-19,NVDA,217.56
2026-08-20,NVDA,216.85
2026-08-21,NVDA,214.72
2026-08-24,NVDA,208.48
2026-08-25,NVDA,213.05
2026-08-26,NVDA,209.66
2026-08-27,NVDA,227.98
2026-08-28,NVDA,217.55
2026-08-31,NVDA,220.78
2026-09-01,NVDA,217.44
2026-09-02,NVDA,224.41
2026-09-03,NVDA,228.45
2026-09-04,NVDA,228.45
2026-05-11,NVO,45.8146
2026-05-12,NVO,46.407
2026-05-13,NVO,46.486
2026-05-14,NVO,45.2221
2026-05-15,NVO,44.1755
2026-05-18,NVO,43.7213
2026-05-19,NVO,43.7213
2026-05-20,NVO,44.5013
2026-05-21,NVO,43.8299
2026-05-22,NVO,44.3927
2026-05-25,NVO,44.3927
2026-05-26,NVO,43.6325
2026-05-27,NVO,43.9879
2026-05-28,NVO,44.9358
2026-05-29,NVO,45.0049
2026-06-01,NVO,43.514
2026-06-02,NVO,42.3785
2026-06-03,NVO,41.4701
2026-06-04,NVO,43.198
2026-06-05,NVO,42.418
2026-06-08,NVO,40.5024
2026-06-09,NVO,41.6577
2026-06-10,NVO,42.2699
2026-06-11,NVO,43.4053
2026-06-12,NVO,43.3264
2026-06-15,NVO,43.3659
2026-06-16,NVO,43.0005
2026-06-17,NVO,42.9709
2026-06-18,NVO,42.6451
2026-06-19,NVO,42.6451
2026-06-22,NVO,45.3011
2026-06-23,NVO,46.8217
2026-06-24,NVO,46.8118
2026-06-25,NVO,47.0389
2026-06-26,NVO,47.4635
2026-06-29,NVO,47.7301
2026-06-30,NVO,47.3351
2026-07-01,NVO,48.1547
2026-07-02,NVO,49.7937
2026-07-03,NVO,49.7937
2026-07-06,NVO,48.6385
2026-07-07,NVO,49.0137
2026-07-08,NVO,48.2731
2026-07-09,NVO,48.2633
2026-07-10,NVO,48.8557
2026-07-13,NVO,48.6582
2026-07-14,NVO,48.4509
2026-07-15,NVO,49.9221
2026-07-16,NVO,50.8305
2026-07-17,NVO,49.6851
2026-07-20,NVO,48.9841
2026-07-21,NVO,48.757
2026-07-22,NVO,47.582
2026-07-23,NVO,47.5721
2026-07-24,NVO,48.1547
2026-07-27,NVO,49.0433
2026-07-28,NVO,50.317
2026-07-29,NVO,50.9292
2026-07-30,NVO,50.9588
2026-07-31,NVO,46.486
2026-08-03,NVO,46.4959
2026-08-04,NVO,43.7213
2026-08-05,NVO,43.9682
2026-08-06,NVO,45.39
2026-08-07,NVO,46.6637
2026-08-10,NVO,47.1278
2026-08-11,NVO,46.5748
2026-08-12,NVO,45.8047
2026-08-13,NVO,46.1305
2026-08-14,NVO,45.311
2026-08-17,NVO,44.88
2026-08-18,NVO,45.71
2026-08-19,NVO,46.48
2026-08-20,NVO,46.14
2026-08-21,NVO,46.74
2026-08-24,NVO,46.92
2026-08-25,NVO,48.66
2026-08-26,NVO,47.19
2026-08-27,NVO,46.26
2026-08-28,NVO,45.61
2026-08-31,NVO,45.33
2026-09-01,NVO,45.12
2026-09-02,NVO,46.77
2026-09-03,NVO,47.51
2026-09-04,NVO,47.51
2026-05-11,PANW,213.66
2026-05-12,PANW,215.6
2026-05-13,PANW,227.79
2026-05-14,PANW,238.21
2026-05-15,PANW,242.83
2026-05-18,PANW,247.55
2026-05-19,PANW,240.13
2026-05-20,PANW,246.66
2026-05-21,PANW,252.92
2026-05-22,PANW,260.58
2026-05-25,PANW,260.58
2026-05-26,PANW,256.75
2026-05-27,PANW,248.47
2026-05-28,PANW,257.77
2026-05-29,PANW,281.69
2026-06-01,PANW,300.48
2026-06-02,PANW,297.18
2026-06-03,PANW,280.43
2026-06-04,PANW,279.25
2026-06-05,PANW,272.05
2026-06-08,PANW,266.33
2026-06-09,PANW,260.52
2026-06-10,PANW,263.22
2026-06-11,PANW,279.53
2026-06-12,PANW,279.62
2026-06-15,PANW,284.54
2026-06-16,PANW,279.9
2026-06-17,PANW,282.13
2026-06-18,PANW,287.78
2026-06-19,PANW,287.78
2026-06-22,PANW,286.4
2026-06-23,PANW,290.92
2026-06-24,PANW,285.26
2026-06-25,PANW,293.09
2026-06-26,PANW,304.2
2026-06-29,PANW,332.0
2026-06-30,PANW,341.02
2026-07-01,PANW,352.04
2026-07-02,PANW,348.06
2026-07-03,PANW,348.06
2026-07-06,PANW,357.53
2026-07-07,PANW,337.04
2026-07-08,PANW,320.59
2026-07-09,PANW,338.31
2026-07-10,PANW,325.91
2026-07-13,PANW,330.3
2026-07-14,PANW,352.89
2026-07-15,PANW,354.02
2026-07-16,PANW,353.99
2026-07-17,PANW,358.68
2026-07-20,PANW,348.66
2026-07-21,PANW,342.15
2026-07-22,PANW,335.28
2026-07-23,PANW,325.63
2026-07-24,PANW,323.79
2026-07-27,PANW,317.32
2026-07-28,PANW,319.0
2026-07-29,PANW,314.15
2026-07-30,PANW,325.68
2026-07-31,PANW,331.83
2026-08-03,PANW,347.13
2026-08-04,PANW,366.34
2026-08-05,PANW,362.66
2026-08-06,PANW,359.49
2026-08-07,PANW,363.86
2026-08-10,PANW,385.04
2026-08-11,PANW,383.8
2026-08-12,PANW,387.01
2026-08-13,PANW,396.0
2026-08-14,PANW,384.27
2026-08-17,PANW,375.76
2026-08-18,PANW,374.14
2026-08-19,PANW,359.76
2026-08-20,PANW,349.56
2026-08-21,PANW,357.87
2026-08-24,PANW,350.9
2026-08-25,PANW,339.9
2026-08-26,PANW,339.31
2026-08-27,PANW,382.85
2026-08-28,PANW,371.59
2026-08-31,PANW,382.13
2026-09-01,PANW,362.09
2026-09-02,PANW,328.48
2026-09-03,PANW,331.94
2026-09-04,PANW,331.94
2026-05-11,PICK,65.3611
2026-05-12,PICK,65.6983
2026-05-13,PICK,66.9279
2026-05-14,PICK,65.7181
2026-05-15,PICK,62.3861
2026-05-18,PICK,62.1481
2026-05-19,PICK,60.4622
2026-05-20,PICK,62.1679
2026-05-21,PICK,62.9612
2026-05-22,PICK,63.0406
2026-05-25,PICK,63.0406
2026-05-26,PICK,65.3313
2026-05-27,PICK,64.8851
2026-05-28,PICK,65.6983
2026-05-29,PICK,65.5396
2026-06-01,PICK,66.4123
2026-06-02,PICK,68.3559
2026-06-03,PICK,66.4817
2026-06-04,PICK,66.1048
2026-06-05,PICK,61.2655
2026-06-08,PICK,61.5134
2026-06-09,PICK,61.325
2026-06-10,PICK,59.8375
2026-06-11,PICK,63.2488
2026-06-12,PICK,64.538
2026-06-15,PICK,65.82
2026-06-16,PICK,65.6
2026-06-17,PICK,64.08
2026-06-18,PICK,62.91
2026-06-19,PICK,62.91
2026-06-22,PICK,62.49
2026-06-23,PICK,59.75
2026-06-24,PICK,58.3
2026-06-25,PICK,58.64
2026-06-26,PICK,57.96
2026-06-29,PICK,57.88
2026-06-30,PICK,58.15
2026-07-01,PICK,57.29
2026-07-02,PICK,57.74
2026-07-03,PICK,57.74
2026-07-06,PICK,58.59
2026-07-07,PICK,56.71
2026-07-08,PICK,55.84
2026-07-09,PICK,56.49
2026-07-10,PICK,57.32
2026-07-13,PICK,56.56
2026-07-14,PICK,58.37
2026-07-15,PICK,58.25
2026-07-16,PICK,56.66
2026-07-17,PICK,56.27
2026-07-20,PICK,55.97
2026-07-21,PICK,57.62
2026-07-22,PICK,58.56
2026-07-23,PICK,58.04
2026-07-24,PICK,58.03
2026-07-27,PICK,58.22
2026-07-28,PICK,57.95
2026-07-29,PICK,57.47
2026-07-30,PICK,59.56
2026-07-31,PICK,59.15
2026-08-03,PICK,59.39
2026-08-04,PICK,61.82
2026-08-05,PICK,63.25
2026-08-06,PICK,62.25
2026-08-07,PICK,63.64
2026-08-10,PICK,64.14
2026-08-11,PICK,63.69
2026-08-12,PICK,63.67
2026-08-13,PICK,62.23
2026-08-14,PICK,62.04
2026-08-17,PICK,63.05
2026-08-18,PICK,61.87
2026-08-19,PICK,63.23
2026-08-20,PICK,63.56
2026-08-21,PICK,65.7
2026-08-24,PICK,65.87
2026-08-25,PICK,66.94
2026-08-26,PICK,66.41
2026-08-27,PICK,66.66
2026-08-28,PICK,65.76
2026-08-31,PICK,65.2
2026-09-01,PICK,64.12
2026-09-02,PICK,64.88
2026-09-03,PICK,65.18
2026-09-04,PICK,65.18
2026-05-11,REMX,109.53
2026-05-12,REMX,108.03
2026-05-13,REMX,106.26
2026-05-14,REMX,99.85
2026-05-15,REMX,96.57
2026-05-18,REMX,94.69
2026-05-19,REMX,92.13
2026-05-20,REMX,95.18
2026-05-21,REMX,95.7
2026-05-22,REMX,96.82
2026-05-25,REMX,96.82
2026-05-26,REMX,98.96
2026-05-27,REMX,98.03
2026-05-28,REMX,101.5
2026-05-29,REMX,99.63
2026-06-01,REMX,99.45
2026-06-02,REMX,102.18
2026-06-03,REMX,98.32
2026-06-04,REMX,97.0
2026-06-05,REMX,88.59
2026-06-08,REMX,87.42
2026-06-09,REMX,88.03
2026-06-10,REMX,85.13
2026-06-11,REMX,92.96
2026-06-12,REMX,95.5
2026-06-15,REMX,96.89
2026-06-16,REMX,96.78
2026-06-17,REMX,96.04
2026-06-18,REMX,95.55
2026-06-19,REMX,95.55
2026-06-22,REMX,97.29
2026-06-23,REMX,91.82
2026-06-24,REMX,90.67
2026-06-25,REMX,89.21
2026-06-26,REMX,86.53
2026-06-29,REMX,86.38
2026-06-30,REMX,88.5
2026-07-01,REMX,87.66
2026-07-02,REMX,86.72
2026-07-03,REMX,86.72
2026-07-06,REMX,85.34
2026-07-07,REMX,81.06
2026-07-08,REMX,79.65
2026-07-09,REMX,80.03
2026-07-10,REMX,79.76
2026-07-13,REMX,76.27
2026-07-14,REMX,79.14
2026-07-15,REMX,76.65
2026-07-16,REMX,73.23
2026-07-17,REMX,72.67
2026-07-20,REMX,69.85
2026-07-21,REMX,71.95
2026-07-22,REMX,70.96
2026-07-23,REMX,69.53
2026-07-24,REMX,67.51
2026-07-27,REMX,68.72
2026-07-28,REMX,66.09
2026-07-29,REMX,64.59
2026-07-30,REMX,66.45
2026-07-31,REMX,65.97
2026-08-03,REMX,67.63
2026-08-04,REMX,71.52
2026-08-05,REMX,72.46
2026-08-06,REMX,73.42
2026-08-07,REMX,77.04
2026-08-10,REMX,78.45
2026-08-11,REMX,76.72
2026-08-12,REMX,77.03
2026-08-13,REMX,76.13
2026-08-14,REMX,78.55
2026-08-17,REMX,78.93
2026-08-18,REMX,76.55
2026-08-19,REMX,75.99
2026-08-20,REMX,75.69
2026-08-21,REMX,80.75
2026-08-24,REMX,79.75
2026-08-25,REMX,79.12
2026-08-26,REMX,78.07
2026-08-27,REMX,79.25
2026-08-28,REMX,77.42
2026-08-31,REMX,77.52
2026-09-01,REMX,76.19
2026-09-02,REMX,76.29
2026-09-03,REMX,76.03
2026-09-04,REMX,76.03
2026-05-11,RTX,177.2802
2026-05-12,RTX,177.5581
2026-05-13,RTX,176.7839
2026-05-14,RTX,174.372
2026-05-15,RTX,169.9055
2026-05-18,RTX,174.64
2026-05-19,RTX,173.1909
2026-05-20,RTX,173.5482
2026-05-21,RTX,174.6697
2026-05-22,RTX,176.4239
2026-05-25,RTX,176.4239
2026-05-26,RTX,178.3774
2026-05-27,RTX,176.0053
2026-05-28,RTX,178.3675
2026-05-29,RTX,179.0652
2026-06-01,RTX,173.8325
2026-06-02,RTX,173.683
2026-06-03,RTX,171.9787
2026-06-04,RTX,178.816
2026-06-05,RTX,180.3907
2026-06-08,RTX,178.0685
2026-06-09,RTX,180.9589
2026-06-10,RTX,176.8226
2026-06-11,RTX,183.6001
2026-06-12,RTX,182.9223
2026-06-15,RTX,183.032
2026-06-16,RTX,186.1516
2026-06-17,RTX,191.9424
2026-06-18,RTX,184.9855
2026-06-19,RTX,184.9855
2026-06-22,RTX,181.228
2026-06-23,RTX,185.7729
2026-06-24,RTX,184.4473
2026-06-25,RTX,185.9722
2026-06-26,RTX,187.3676
2026-06-29,RTX,186.7098
2026-06-30,RTX,189.1018
2026-07-01,RTX,191.145
2026-07-02,RTX,198.5903
2026-07-03,RTX,198.5903
2026-07-06,RTX,200.7033
2026-07-07,RTX,200.185
2026-07-08,RTX,194.2647
2026-07-09,RTX,194.5537
2026-07-10,RTX,195.2813
2026-07-13,RTX,195.7398
2026-07-14,RTX,192.7497
2026-07-15,RTX,195.2414
2026-07-16,RTX,193.7165
2026-07-17,RTX,192.8693
2026-07-20,RTX,193.7962
2026-07-21,RTX,193.0288
2026-07-22,RTX,194.2348
2026-07-23,RTX,208.4675
2026-07-24,RTX,212.0854
2026-07-27,RTX,217.6968
2026-07-28,RTX,217.8563
2026-07-29,RTX,214.5373
2026-07-30,RTX,213.6702
2026-07-31,RTX,214.5074
2026-08-03,RTX,215.9327
2026-08-04,RTX,217.2084
2026-08-05,RTX,221.5739
2026-08-06,RTX,222.5108
2026-08-07,RTX,222.2915
2026-08-10,RTX,223.3779
2026-08-11,RTX,223.1188
2026-08-12,RTX,222.0224
2026-08-13,RTX,219.75
2026-08-14,RTX,222.97
2026-08-17,RTX,221.64
2026-08-18,RTX,225.49
2026-08-19,RTX,220.35
2026-08-20,RTX,212.29
2026-08-21,RTX,209.91
2026-08-24,RTX,209.22
2026-08-25,RTX,210.28
2026-08-26,RTX,211.99
2026-08-27,RTX,212.08
2026-08-28,RTX,211.71
2026-08-31,RTX,207.73
2026-09-01,RTX,205.16
2026-09-02,RTX,200.78
2026-09-03,RTX,202.13
2026-09-04,RTX,202.13
2026-05-11,SIE.DE,268.65
2026-05-12,SIE.DE,264.6
2026-05-13,SIE.DE,266.8
2026-05-14,SIE.DE,273.7
2026-05-15,SIE.DE,259.6
2026-05-18,SIE.DE,260.5
2026-05-19,SIE.DE,256.8
2026-05-20,SIE.DE,264.1
2026-05-21,SIE.DE,264.05
2026-05-22,SIE.DE,268.6
2026-05-25,SIE.DE,276.75
2026-05-26,SIE.DE,272.55
2026-05-27,SIE.DE,274.05
2026-05-28,SIE.DE,271.65
2026-05-29,SIE.DE,269.8
2026-06-01,SIE.DE,272.65
2026-06-02,SIE.DE,278.7
2026-06-03,SIE.DE,275.0
2026-06-04,SIE.DE,272.05
2026-06-05,SIE.DE,268.8
2026-06-08,SIE.DE,268.0
2026-06-09,SIE.DE,264.3
2026-06-10,SIE.DE,258.4
2026-06-11,SIE.DE,258.5
2026-06-12,SIE.DE,264.5
2026-06-15,SIE.DE,270.35
2026-06-16,SIE.DE,273.05
2026-06-17,SIE.DE,273.1
2026-06-18,SIE.DE,276.8
2026-06-19,SIE.DE,274.5
2026-06-22,SIE.DE,279.0
2026-06-23,SIE.DE,272.25
2026-06-24,SIE.DE,271.4
2026-06-25,SIE.DE,272.4
2026-06-26,SIE.DE,267.5
2026-06-29,SIE.DE,269.2
2026-06-30,SIE.DE,281.15
2026-07-01,SIE.DE,273.45
2026-07-02,SIE.DE,276.9
2026-07-03,SIE.DE,284.1
2026-07-06,SIE.DE,281.6
2026-07-07,SIE.DE,269.6
2026-07-08,SIE.DE,265.55
2026-07-09,SIE.DE,273.8
2026-07-10,SIE.DE,272.85
2026-07-13,SIE.DE,272.1
2026-07-14,SIE.DE,272.9
2026-07-15,SIE.DE,270.1
2026-07-16,SIE.DE,270.7
2026-07-17,SIE.DE,264.55
2026-07-20,SIE.DE,265.15
2026-07-21,SIE.DE,270.45
2026-07-22,SIE.DE,271.25
2026-07-23,SIE.DE,268.2
2026-07-24,SIE.DE,272.25
2026-07-27,SIE.DE,272.75
2026-07-28,SIE.DE,271.75
2026-07-29,SIE.DE,271.25
2026-07-30,SIE.DE,281.1
2026-07-31,SIE.DE,282.65
2026-08-03,SIE.DE,285.3
2026-08-04,SIE.DE,287.45
2026-08-05,SIE.DE,285.95
2026-08-06,SIE.DE,273.1
2026-08-07,SIE.DE,279.8
2026-08-10,SIE.DE,276.95
2026-08-11,SIE.DE,280.25
2026-08-12,SIE.DE,281.95
2026-08-13,SIE.DE,284.1
2026-08-14,SIE.DE,284.0
2026-08-17,SIE.DE,282.3
2026-08-18,SIE.DE,275.8
2026-08-19,SIE.DE,276.65
2026-08-20,SIE.DE,276.0
2026-08-21,SIE.DE,280.35
2026-08-24,SIE.DE,280.6
2026-08-25,SIE.DE,285.55
2026-08-26,SIE.DE,288.1
2026-08-27,SIE.DE,286.95
2026-08-28,SIE.DE,289.85
2026-08-31,SIE.DE,285.6
2026-09-01,SIE.DE,277.85
2026-09-02,SIE.DE,273.8
2026-09-03,SIE.DE,270.6
2026-09-04,SIE.DE,270.6
2026-05-11,TSM,403.5948
2026-05-12,TSM,396.3518
2026-05-13,TSM,398.8659
2026-05-14,TSM,416.744
2026-05-15,TSM,403.4053
2026-05-18,TSM,395.0249
2026-05-19,TSM,391.6927
2026-05-20,TSM,400.6817
2026-05-21,TSM,406.1987
2026-05-22,TSM,403.5749
2026-05-25,TSM,403.5749
2026-05-26,TSM,411.3567
2026-05-27,TSM,421.7423
2026-05-28,TSM,423.8673
2026-05-29,TSM,417.4724
2026-06-01,TSM,434.6122
2026-06-02,TSM,445.6464
2026-06-03,TSM,435.6697
2026-06-04,TSM,443.8805
2026-06-05,TSM,414.2
2026-06-08,TSM,425.8028
2026-06-09,TSM,426.9202
2026-06-10,TSM,407.795
2026-06-11,TSM,421.07
2026-06-12,TSM,423.93
2026-06-15,TSM,441.4
2026-06-16,TSM,425.83
2026-06-17,TSM,432.15
2026-06-18,TSM,462.12
2026-06-19,TSM,462.12
2026-06-22,TSM,467.67
2026-06-23,TSM,436.39
2026-06-24,TSM,440.83
2026-06-25,TSM,434.99
2026-06-26,TSM,432.35
2026-06-29,TSM,455.1
2026-06-30,TSM,477.57
2026-07-01,TSM,444.23
2026-07-02,TSM,434.16
2026-07-03,TSM,434.16
2026-07-06,TSM,451.79
2026-07-07,TSM,432.57
2026-07-08,TSM,436.98
2026-07-09,TSM,436.96
2026-07-10,TSM,434.11
2026-07-13,TSM,421.58
2026-07-14,TSM,420.39
2026-07-15,TSM,419.48
2026-07-16,TSM,409.74
2026-07-17,TSM,398.37
2026-07-20,TSM,402.3
2026-07-21,TSM,424.61
2026-07-22,TSM,421.21
2026-07-23,TSM,415.58
2026-07-24,TSM,403.41
2026-07-27,TSM,399.09
2026-07-28,TSM,392.31
2026-07-29,TSM,374.67
2026-07-30,TSM,403.31
2026-07-31,TSM,404.25
2026-08-03,TSM,406.11
2026-08-04,TSM,417.17
2026-08-05,TSM,414.0
2026-08-06,TSM,418.2
2026-08-07,TSM,420.04
2026-08-10,TSM,418.47
2026-08-11,TSM,422.06
2026-08-12,TSM,429.15
2026-08-13,TSM,430.49
2026-08-14,TSM,426.35
2026-08-17,TSM,430.97
2026-08-18,TSM,413.41
2026-08-19,TSM,412.09
2026-08-20,TSM,416.0
2026-08-21,TSM,418.95
2026-08-24,TSM,410.12
2026-08-25,TSM,417.41
2026-08-26,TSM,417.69
2026-08-27,TSM,427.3
2026-08-28,TSM,417.52
2026-08-31,TSM,415.32
2026-09-01,TSM,414.0
2026-09-02,TSM,415.5
2026-09-03,TSM,417.01
2026-09-04,TSM,417.01
2026-05-11,TXG,20.5
2026-05-12,TXG,20.92
2026-05-13,TXG,21.07
2026-05-14,TXG,21.52
2026-05-15,TXG,21.2
2026-05-18,TXG,21.45
2026-05-19,TXG,22.29
2026-05-20,TXG,23.98
2026-05-21,TXG,24.68
2026-05-22,TXG,23.68
2026-05-25,TXG,23.68
2026-05-26,TXG,24.62
2026-05-27,TXG,25.51
2026-05-28,TXG,27.99
2026-05-29,TXG,28.305
2026-06-01,TXG,29.59
2026-06-02,TXG,30.71
2026-06-03,TXG,32.16
2026-06-04,TXG,33.5
2026-06-05,TXG,31.04
2026-06-08,TXG,29.18
2026-06-09,TXG,30.59
2026-06-10,TXG,29.11
2026-06-11,TXG,29.05
2026-06-12,TXG,28.84
2026-06-15,TXG,32.22
2026-06-16,TXG,31.75
2026-06-17,TXG,32.13
2026-06-18,TXG,34.755
2026-06-19,TXG,34.755
2026-06-22,TXG,32.94
2026-06-23,TXG,31.87
2026-06-24,TXG,34.6
2026-06-25,TXG,35.73
2026-06-26,TXG,36.75
2026-06-29,TXG,37.15
2026-06-30,TXG,38.34
2026-07-01,TXG,39.05
2026-07-02,TXG,39.01
2026-07-03,TXG,39.01
2026-07-06,TXG,40.0
2026-07-07,TXG,37.83
2026-07-08,TXG,37.47
2026-07-09,TXG,43.1
2026-07-10,TXG,42.73
2026-07-13,TXG,41.77
2026-07-14,TXG,45.79
2026-07-15,TXG,45.75
2026-07-16,TXG,44.48
2026-07-17,TXG,43.74
2026-07-20,TXG,43.22
2026-07-21,TXG,47.2
2026-07-22,TXG,47.05
2026-07-23,TXG,48.06
2026-07-24,TXG,46.27
2026-07-27,TXG,45.92
2026-07-28,TXG,47.05
2026-07-29,TXG,46.32
2026-07-30,TXG,49.43
2026-07-31,TXG,47.27
2026-08-03,TXG,47.01
2026-08-04,TXG,47.86
2026-08-05,TXG,47.46
2026-08-06,TXG,45.6
2026-08-07,TXG,52.03
2026-08-10,TXG,58.57
2026-08-11,TXG,58.48
2026-08-12,TXG,57.75
2026-08-13,TXG,58.15
2026-08-14,TXG,56.09
2026-08-17,TXG,57.99
2026-08-18,TXG,55.63
2026-08-19,TXG,62.19
2026-08-20,TXG,63.87
2026-08-21,TXG,65.12
2026-08-24,TXG,63.8
2026-08-25,TXG,64.72
2026-08-26,TXG,64.26
2026-08-27,TXG,64.85
2026-08-28,TXG,61.54
2026-08-31,TXG,62.45
2026-09-01,TXG,59.98
2026-09-02,TXG,61.65
2026-09-03,TXG,63.22
2026-09-04,TXG,63.22
2026-05-11,VCIT,81.3509
2026-05-12,VCIT,81.1345
2026-05-13,VCIT,81.2034
2026-05-14,VCIT,81.105
2026-05-15,VCIT,80.6526
2026-05-18,VCIT,80.5542
2026-05-19,VCIT,80.2001
2026-05-20,VCIT,80.7411
2026-05-21,VCIT,80.7903
2026-05-22,VCIT,80.8689
2026-05-25,VCIT,80.8689
2026-05-26,VCIT,81.1837
2026-05-27,VCIT,81.2427
2026-05-28,VCIT,81.3804
2026-05-29,VCIT,81.4886
2026-06-01,VCIT,81.4303
2026-06-02,VCIT,81.4204
2026-06-03,VCIT,81.2427
2026-06-04,VCIT,81.3513
2026-06-05,VCIT,80.897
2026-06-08,VCIT,80.8871
2026-06-09,VCIT,81.0649
2026-06-10,VCIT,80.9563
2026-06-11,VCIT,81.4896
2026-06-12,VCIT,81.4303
2026-06-15,VCIT,81.4797
2026-06-16,VCIT,81.5686
2026-06-17,VCIT,81.2032
2026-06-18,VCIT,81.46
2026-06-19,VCIT,81.46
2026-06-22,VCIT,81.2723
2026-06-23,VCIT,81.3513
2026-06-24,VCIT,81.6674
2026-06-25,VCIT,81.7661
2026-06-26,VCIT,81.8846
2026-06-29,VCIT,81.934
2026-06-30,VCIT,81.6279
2026-07-01,VCIT,81.5009
2026-07-02,VCIT,81.6497
2026-07-03,VCIT,81.6497
2026-07-06,VCIT,81.6992
2026-07-07,VCIT,81.2629
2026-07-08,VCIT,81.134
2026-07-09,VCIT,81.2332
2026-07-10,VCIT,81.1241
2026-07-13,VCIT,80.7671
2026-07-14,VCIT,81.015
2026-07-15,VCIT,81.2431
2026-07-16,VCIT,81.1836
2026-07-17,VCIT,81.253
2026-07-20,VCIT,81.0249
2026-07-21,VCIT,80.8465
2026-07-22,VCIT,80.6878
2026-07-23,VCIT,80.4399
2026-07-24,VCIT,80.5093
2026-07-27,VCIT,80.6382
2026-07-28,VCIT,80.8266
2026-07-29,VCIT,80.5787
2026-07-30,VCIT,80.6977
2026-07-31,VCIT,80.5787
2026-08-03,VCIT,80.7699
2026-08-04,VCIT,81.1782
2026-08-05,VCIT,81.1483
2026-08-06,VCIT,80.9392
2026-08-07,VCIT,81.0786
2026-08-10,VCIT,80.7301
2026-08-11,VCIT,80.7699
2026-08-12,VCIT,80.8595
2026-08-13,VCIT,81.1284
2026-08-14,VCIT,80.8894
2026-08-17,VCIT,80.6803
2026-08-18,VCIT,80.7301
2026-08-19,VCIT,81.0786
2026-08-20,VCIT,80.76
2026-08-21,VCIT,80.7102
2026-08-24,VCIT,80.8297
2026-08-25,VCIT,81.2379
2026-08-26,VCIT,81.1384
2026-08-27,VCIT,81.0985
2026-08-28,VCIT,80.8097
2026-08-31,VCIT,80.75
2026-09-01,VCIT,80.39
2026-09-02,VCIT,80.46
2026-09-03,VCIT,80.54
2026-09-04,VCIT,80.54
2026-05-11,VRT,367.8435
2026-05-12,VRT,367.0536
2026-05-13,VRT,369.913
2026-05-14,VRT,376.1517
2026-05-15,VRT,370.8629
2026-05-18,VRT,339.6593
2026-05-19,VRT,322.5629
2026-05-20,VRT,315.6043
2026-05-21,VRT,323.3327
2026-05-22,VRT,327.3919
2026-05-25,VRT,327.3919
2026-05-26,VRT,323.8426
2026-05-27,VRT,319.7135
2026-05-28,VRT,314.1146
2026-05-29,VRT,315.6443
2026-06-01,VRT,323.3228
2026-06-02,VRT,334.4204
2026-06-03,VRT,331.3711
2026-06-04,VRT,323.8526
2026-06-05,VRT,300.4475
2026-06-08,VRT,300.5075
2026-06-09,VRT,289.4598
2026-06-10,VRT,280.9216
2026-06-11,VRT,297.8181
2026-06-12,VRT,302.807
2026-06-15,VRT,311.93
2026-06-16,VRT,299.6
2026-06-17,VRT,317.58
2026-06-18,VRT,333.05
2026-06-19,VRT,333.05
2026-06-22,VRT,357.96
2026-06-23,VRT,318.32
2026-06-24,VRT,316.43
2026-06-25,VRT,325.57
2026-06-26,VRT,303.95
2026-06-29,VRT,306.97
2026-06-30,VRT,334.82
2026-07-01,VRT,311.42
2026-07-02,VRT,300.53
2026-07-03,VRT,300.53
2026-07-06,VRT,318.47
2026-07-07,VRT,305.58
2026-07-08,VRT,317.81
2026-07-09,VRT,323.92
2026-07-10,VRT,318.86
2026-07-13,VRT,305.87
2026-07-14,VRT,303.58
2026-07-15,VRT,304.57
2026-07-16,VRT,294.11
2026-07-17,VRT,289.56
2026-07-20,VRT,291.67
2026-07-21,VRT,304.5
2026-07-22,VRT,301.16
2026-07-23,VRT,304.04
2026-07-24,VRT,290.36
2026-07-27,VRT,287.6
2026-07-28,VRT,269.56
2026-07-29,VRT,223.04
2026-07-30,VRT,227.5
2026-07-31,VRT,241.57
2026-08-03,VRT,263.05
2026-08-04,VRT,269.93
2026-08-05,VRT,277.94
2026-08-06,VRT,275.17
2026-08-07,VRT,272.4
2026-08-10,VRT,270.1
2026-08-11,VRT,281.81
2026-08-12,VRT,288.36
2026-08-13,VRT,287.07
2026-08-14,VRT,293.84
2026-08-17,VRT,292.43
2026-08-18,VRT,272.54
2026-08-19,VRT,261.0
2026-08-20,VRT,264.63
2026-08-21,VRT,261.95
2026-08-24,VRT,254.97
2026-08-25,VRT,255.75
2026-08-26,VRT,263.81
2026-08-27,VRT,269.28
2026-08-28,VRT,257.08
2026-08-31,VRT,258.72
2026-09-01,VRT,255.97
2026-09-02,VRT,256.7
2026-09-03,VRT,268.83
2026-09-04,VRT,268.83
